2026-06-30T07:32:54.904Z In(05) vmx Log for VMware Workstation pid=24012 version=17.6.1 build=build-24319023 option=Release
2026-06-30T07:32:54.904Z In(05) vmx The host is x86_64.
2026-06-30T07:32:54.904Z In(05) vmx Host codepage=windows-1252 encoding=windows-1252
2026-06-30T07:32:54.904Z In(05) vmx Host is Windows 11 Home, 64-bit (Build 26200.8655)
2026-06-30T07:32:54.904Z In(05) vmx Host offset from UTC is -04:00.
2026-06-30T07:32:54.823Z In(05) vmx VTHREAD 1956 "vmx"
2026-06-30T07:32:54.830Z In(05) vmx LOCALE windows-1252 -> NULL User=200c System=40c
2026-06-30T07:32:54.830Z In(05) vmx Msg_SetLocaleEx: HostLocale=windows-1252 UserLocale=NULL
2026-06-30T07:32:54.853Z In(05) vmx DictionaryLoad: Cannot open file "C:\Users\emmer\AppData\Roaming\VMware\config.ini": Unknown error 2 (0x2).
2026-06-30T07:32:54.853Z In(05) vmx Msg_Reset:
2026-06-30T07:32:54.853Z In(05) vmx [msg.dictionary.load.openFailed] Cannot open file "C:\Users\emmer\AppData\Roaming\VMware\config.ini": Unknown error 2 (0x2).
2026-06-30T07:32:54.853Z In(05) vmx ----------------------------------------
2026-06-30T07:32:54.853Z In(05) vmx ConfigDB: Failed to load C:\Users\emmer\AppData\Roaming\VMware\config.ini
2026-06-30T07:32:54.853Z In(05) vmx Win32U_GetFileAttributes: GetFileAttributesExW("D:\Downloads\Vyft_product\Slura\VyftUEFI.vmpl", ...) failed, error: 2
2026-06-30T07:32:54.853Z In(05) vmx OBJLIB-LIB: Objlib initialized.
2026-06-30T07:32:54.870Z In(05) vmx DictionaryLoad: Cannot open file "C:\Users\emmer\AppData\Roaming\VMware\config.ini": Unknown error 2 (0x2).
2026-06-30T07:32:54.870Z In(05) vmx [msg.dictionary.load.openFailed] Cannot open file "C:\Users\emmer\AppData\Roaming\VMware\config.ini": Unknown error 2 (0x2).
2026-06-30T07:32:54.870Z In(05) vmx PREF Optional preferences file not found at C:\Users\emmer\AppData\Roaming\VMware\config.ini. Using default values.
2026-06-30T07:32:54.886Z In(05) vmx lib/ssl: OpenSSL using default provider
2026-06-30T07:32:54.888Z In(05) vmx lib/ssl: Client usage
2026-06-30T07:32:54.888Z In(05) vmx lib/ssl: protocol list tls1.2
2026-06-30T07:32:54.888Z In(05) vmx lib/ssl: protocol min 0x303 max 0x303
2026-06-30T07:32:54.888Z In(05) vmx lib/ssl: protocol list tls1.2 (openssl flags 0x36000000)
2026-06-30T07:32:54.888Z In(05) vmx lib/ssl: cipher list ECDHE+AESGCM:RSA+AESGCM:ECDHE+AES:RSA+AES
2026-06-30T07:32:54.888Z In(05) vmx lib/ssl: cipher suites TLS_AES_128_GCM_SHA256:TLS_AES_256_GCM_SHA384
2026-06-30T07:32:54.888Z In(05) vmx lib/ssl: curves list prime256v1:secp384r1:secp521r1
2026-06-30T07:32:54.888Z In(05) vmx lib/ssl: Server usage
2026-06-30T07:32:54.888Z In(05) vmx lib/ssl: protocol list tls1.2
2026-06-30T07:32:54.888Z In(05) vmx lib/ssl: protocol min 0x303 max 0x303
2026-06-30T07:32:54.888Z In(05) vmx lib/ssl: protocol list tls1.2 (openssl flags 0x36000000)
2026-06-30T07:32:54.888Z In(05) vmx lib/ssl: cipher list ECDHE+AESGCM:RSA+AESGCM:ECDHE+AES:RSA+AES
2026-06-30T07:32:54.888Z In(05) vmx lib/ssl: cipher suites TLS_AES_128_GCM_SHA256:TLS_AES_256_GCM_SHA384
2026-06-30T07:32:54.888Z In(05) vmx lib/ssl: curves list prime256v1:secp384r1:secp521r1
2026-06-30T07:32:54.904Z In(05) vmx Hostname=myEmm
2026-06-30T07:32:54.926Z In(05) vmx IP=fe80::3e7f:a4c6:7960:444c%48
2026-06-30T07:32:54.926Z In(05) vmx IP=fe80::a1ef:ce5f:b8c3:4bfb%20
2026-06-30T07:32:54.926Z In(05) vmx IP=fe80::b864:53eb:3a04:db94%42
2026-06-30T07:32:54.926Z In(05) vmx IP=10.5.0.2
2026-06-30T07:32:54.926Z In(05) vmx IP=192.168.1.95
2026-06-30T07:32:54.926Z In(05) vmx IP=172.22.32.1
2026-06-30T07:32:54.961Z In(05) vmx System uptime 1174337690707 us
2026-06-30T07:32:54.961Z In(05) vmx Command line: "C:\Program Files (x86)\VMware\VMware Workstation\x64\vmware-vmx.exe" "-T" "querytoken" "-s" "vmx.stdio.keep=TRUE" "-#" "product=1;name=VMware Workstation;version=17.6.1;buildnumber=24319023;licensename=VMware Workstation;licenseversion=17.0;" "-@" "pipe=\\.\pipe\vmxc3d2f089aeae3802;msgs=ui" "D:\Downloads\Vyft_product\Slura\VyftUEFI.vmx"
2026-06-30T07:32:54.961Z In(05) vmx Msg_SetLocaleEx: HostLocale=windows-1252 UserLocale=NULL
2026-06-30T07:32:54.992Z In(05) vmx WQPoolAllocPoll : pollIx = 1, signalHandle = 868
2026-06-30T07:32:54.992Z In(05) vmx WQPoolAllocPoll : pollIx = 2, signalHandle = 876
2026-06-30T07:32:54.992Z In(05) vmx VigorTransport listening on fd 756
2026-06-30T07:32:54.992Z In(05) vmx Vigor_Init 1
2026-06-30T07:32:55.004Z In(05) vmx Connecting 'ui' to pipe '\\.\pipe\vmxc3d2f089aeae3802' with user '(null)'
2026-06-30T07:32:55.004Z In(05) vmx VMXVmdb: Local connection timeout: 60000 ms.
2026-06-30T07:32:55.104Z In(05) vmx VmdbAddConnection: cnxPath=/db/connection/#1/, cnxIx=1
2026-06-30T07:32:55.105Z In(05) vmx Vix: [mainDispatch.c:489]: VMAutomation: Initializing VMAutomation.
2026-06-30T07:32:55.107Z In(05) vmx Vix: [mainDispatch.c:741]: VMAutomationOpenListenerSocket() listening
2026-06-30T07:32:55.131Z In(05) vmx Vix: [mainDispatch.c:4213]: VMAutomation_ReportPowerOpFinished: statevar=0, newAppState=1870, success=1 additionalError=0
2026-06-30T07:32:55.133Z In(05) vmx Transitioned vmx/execState/val to poweredOff
2026-06-30T07:32:55.133Z In(05) vmx Vix: [mainDispatch.c:4213]: VMAutomation_ReportPowerOpFinished: statevar=1, newAppState=1873, success=1 additionalError=0
2026-06-30T07:32:55.133Z In(05) vmx Vix: [mainDispatch.c:4213]: VMAutomation_ReportPowerOpFinished: statevar=2, newAppState=1877, success=1 additionalError=0
2026-06-30T07:32:55.133Z In(05) vmx Vix: [mainDispatch.c:4213]: VMAutomation_ReportPowerOpFinished: statevar=3, newAppState=1881, success=1 additionalError=0
2026-06-30T07:32:55.133Z In(05) vmx IOPL_Init: Hyper-V detected by CPUID
2026-06-30T07:32:55.183Z In(05) vmx IOCTL_VMX86_SET_MEMORY_PARAMS already set
2026-06-30T07:32:55.185Z In(05) vmx FeatureCompat: No EVC masks.
2026-06-30T07:32:55.259Z In(05) vmx hostCPUID vendor: AuthenticAMD
2026-06-30T07:32:55.259Z In(05) vmx hostCPUID family: 0x17 model: 0x18 stepping: 0x1
2026-06-30T07:32:55.259Z In(05) vmx hostCPUID codename: Zen
2026-06-30T07:32:55.259Z In(05) vmx hostCPUID name: AMD Ryzen 3 3250U with Radeon Graphics         
2026-06-30T07:32:55.259Z In(05) vmx hostCPUID level 00000000, 0: 0x0000000d 0x68747541 0x444d4163 0x69746e65
2026-06-30T07:32:55.259Z In(05) vmx hostCPUID level 00000001, 0: 0x00810f81 0x00040800 0xfed8320b 0x178bfbff
2026-06-30T07:32:55.259Z In(05) vmx hostCPUID level 00000002, 0: 0x00000000 0x00000000 0x00000000 0x00000000
2026-06-30T07:32:55.259Z In(05) vmx hostCPUID level 00000003, 0: 0x00000000 0x00000000 0x00000000 0x00000000
2026-06-30T07:32:55.259Z In(05) vmx hostCPUID level 00000004, 0: 0x00000000 0x00000000 0x00000000 0x00000000
2026-06-30T07:32:55.259Z In(05) vmx hostCPUID level 00000005, 0: 0x00000040 0x00000040 0x00000003 0x00000011
2026-06-30T07:32:55.259Z In(05) vmx hostCPUID level 00000006, 0: 0x00000000 0x00000000 0x00000001 0x00000000
2026-06-30T07:32:55.259Z In(05) vmx hostCPUID level 00000007, 0: 0x00000000 0x209c01a9 0x00000000 0x00000000
2026-06-30T07:32:55.260Z In(05) vmx hostCPUID level 00000008, 0: 0x00000000 0x00000000 0x00000000 0x00000000
2026-06-30T07:32:55.260Z In(05) vmx hostCPUID level 00000009, 0: 0x00000000 0x00000000 0x00000000 0x00000000
2026-06-30T07:32:55.260Z In(05) vmx hostCPUID level 0000000a, 0: 0x00000000 0x00000000 0x00000000 0x00000000
2026-06-30T07:32:55.260Z In(05) vmx hostCPUID level 0000000b, 0: 0x00000000 0x00000000 0x00000000 0x00000000
2026-06-30T07:32:55.260Z In(05) vmx hostCPUID level 0000000c, 0: 0x00000000 0x00000000 0x00000000 0x00000000
2026-06-30T07:32:55.260Z In(05) vmx hostCPUID level 0000000d, 0: 0x00000007 0x00000340 0x00000340 0x00000000
2026-06-30T07:32:55.260Z In(05) vmx hostCPUID level 0000000d, 1: 0x0000000f 0x00000340 0x00000000 0x00000000
2026-06-30T07:32:55.260Z In(05) vmx hostCPUID level 0000000d, 2: 0x00000100 0x00000240 0x00000000 0x00000000
2026-06-30T07:32:55.260Z In(05) vmx hostCPUID level 40000000, 0: 0x4000000c 0x7263694d 0x666f736f 0x76482074
2026-06-30T07:32:55.260Z In(05) vmx hostCPUID level 40000001, 0: 0x31237648 0x00000000 0x00000000 0x00000000
2026-06-30T07:32:55.260Z In(05) vmx hostCPUID level 40000002, 0: 0x000065f4 0x000a0000 0x00000008 0x000021cf
2026-06-30T07:32:55.260Z In(05) vmx hostCPUID level 40000003, 0: 0x00003fff 0x002bb9ff 0x00000622 0x73fffbf6
2026-06-30T07:32:55.260Z In(05) vmx hostCPUID level 40000004, 0: 0x00942d1e 0x00000000 0x00000000 0x00000000
2026-06-30T07:32:55.260Z In(05) vmx hostCPUID level 40000005, 0: 0x00000800 0x00000800 0x000002e8 0x00000000
2026-06-30T07:32:55.260Z In(05) vmx hostCPUID level 40000006, 0: 0x081200ae 0x00000030 0x00000000 0x00000000
2026-06-30T07:32:55.260Z In(05) vmx hostCPUID level 40000007, 0: 0x80000007 0x0000000b 0x00000000 0x00000000
2026-06-30T07:32:55.260Z In(05) vmx hostCPUID level 40000008, 0: 0x00100003 0x00010000 0x00000000 0x00000000
2026-06-30T07:32:55.260Z In(05) vmx hostCPUID level 40000009, 0: 0x00000000 0x00000000 0x00000000 0x00000000
2026-06-30T07:32:55.260Z In(05) vmx hostCPUID level 4000000a, 0: 0x00000000 0x00000000 0x00000000 0x00000000
2026-06-30T07:32:55.260Z In(05) vmx hostCPUID level 4000000b, 0: 0x00000000 0x00000000 0x00000000 0x00000000
2026-06-30T07:32:55.260Z In(05) vmx hostCPUID level 4000000c, 0: 0x00000000 0x00000000 0x00000000 0x00000000
2026-06-30T07:32:55.260Z In(05) vmx hostCPUID level 80000000, 0: 0x80000021 0x68747541 0x444d4163 0x69746e65
2026-06-30T07:32:55.260Z In(05) vmx hostCPUID level 80000001, 0: 0x00810f81 0x00000000 0x20c023f3 0x2fd3fbff
2026-06-30T07:32:55.260Z In(05) vmx hostCPUID level 80000002, 0: 0x20444d41 0x657a7952 0x2033206e 0x30353233
2026-06-30T07:32:55.260Z In(05) vmx hostCPUID level 80000003, 0: 0x69772055 0x52206874 0x6f656461 0x7247206e
2026-06-30T07:32:55.260Z In(05) vmx hostCPUID level 80000004, 0: 0x69687061 0x20207363 0x20202020 0x00202020
2026-06-30T07:32:55.260Z In(05) vmx hostCPUID level 80000005, 0: 0xff40ff40 0xff40ff40 0x20080140 0x40040140
2026-06-30T07:32:55.260Z In(05) vmx hostCPUID level 80000006, 0: 0x26006400 0x66006400 0x02006140 0x00208140
2026-06-30T07:32:55.260Z In(05) vmx hostCPUID level 80000007, 0: 0x00000000 0x0000001b 0x00000000 0x00006589
2026-06-30T07:32:55.260Z In(05) vmx hostCPUID level 80000008, 0: 0x00003030 0x02001005 0x00004003 0x00000000
2026-06-30T07:32:55.261Z In(05) vmx hostCPUID level 80000009, 0: 0x00000000 0x00000000 0x00000000 0x00000000
2026-06-30T07:32:55.261Z In(05) vmx hostCPUID level 8000000a, 0: 0x00000000 0x00000000 0x00000000 0x00000000
2026-06-30T07:32:55.261Z In(05) vmx hostCPUID level 8000000b, 0: 0x00000000 0x00000000 0x00000000 0x00000000
2026-06-30T07:32:55.261Z In(05) vmx hostCPUID level 8000000c, 0: 0x00000000 0x00000000 0x00000000 0x00000000
2026-06-30T07:32:55.261Z In(05) vmx hostCPUID level 8000000d, 0: 0x00000000 0x00000000 0x00000000 0x00000000
2026-06-30T07:32:55.261Z In(05) vmx hostCPUID level 8000000e, 0: 0x00000000 0x00000000 0x00000000 0x00000000
2026-06-30T07:32:55.261Z In(05) vmx hostCPUID level 8000000f, 0: 0x00000000 0x00000000 0x00000000 0x00000000
2026-06-30T07:32:55.261Z In(05) vmx hostCPUID level 80000010, 0: 0x00000000 0x00000000 0x00000000 0x00000000
2026-06-30T07:32:55.261Z In(05) vmx hostCPUID level 80000011, 0: 0x00000000 0x00000000 0x00000000 0x00000000
2026-06-30T07:32:55.261Z In(05) vmx hostCPUID level 80000012, 0: 0x00000000 0x00000000 0x00000000 0x00000000
2026-06-30T07:32:55.261Z In(05) vmx hostCPUID level 80000013, 0: 0x00000000 0x00000000 0x00000000 0x00000000
2026-06-30T07:32:55.261Z In(05) vmx hostCPUID level 80000014, 0: 0x00000000 0x00000000 0x00000000 0x00000000
2026-06-30T07:32:55.261Z In(05) vmx hostCPUID level 80000015, 0: 0x00000000 0x00000000 0x00000000 0x00000000
2026-06-30T07:32:55.261Z In(05) vmx hostCPUID level 80000016, 0: 0x00000000 0x00000000 0x00000000 0x00000000
2026-06-30T07:32:55.261Z In(05) vmx hostCPUID level 80000017, 0: 0x00000000 0x00000000 0x00000000 0x00000000
2026-06-30T07:32:55.261Z In(05) vmx hostCPUID level 80000018, 0: 0x00000000 0x00000000 0x00000000 0x00000000
2026-06-30T07:32:55.261Z In(05) vmx hostCPUID level 80000019, 0: 0x00000000 0x00000000 0x00000000 0x00000000
2026-06-30T07:32:55.261Z In(05) vmx hostCPUID level 8000001a, 0: 0x00000003 0x00000000 0x00000000 0x00000000
2026-06-30T07:32:55.261Z In(05) vmx hostCPUID level 8000001b, 0: 0x00000000 0x00000000 0x00000000 0x00000000
2026-06-30T07:32:55.261Z In(05) vmx hostCPUID level 8000001c, 0: 0x00000000 0x00000000 0x00000000 0x00000000
2026-06-30T07:32:55.261Z In(05) vmx hostCPUID level 8000001d, 0: 0x00004121 0x01c0003f 0x0000003f 0x00000000
2026-06-30T07:32:55.261Z In(05) vmx hostCPUID level 8000001d, 1: 0x00004122 0x00c0003f 0x000000ff 0x00000000
2026-06-30T07:32:55.261Z In(05) vmx hostCPUID level 8000001d, 2: 0x00004143 0x01c0003f 0x000003ff 0x00000002
2026-06-30T07:32:55.261Z In(05) vmx hostCPUID level 8000001d, 3: 0x0000c163 0x03c0003f 0x00000fff 0x00000001
2026-06-30T07:32:55.261Z In(05) vmx hostCPUID level 8000001d, 4: 0x00000000 0x00000000 0x00000000 0x00000000
2026-06-30T07:32:55.261Z In(05) vmx hostCPUID level 8000001e, 0: 0x00000000 0x00000100 0x00000000 0x00000000
2026-06-30T07:32:55.261Z In(05) vmx hostCPUID level 8000001f, 0: 0x0000000f 0x0000016f 0x0000000f 0x00000000
2026-06-30T07:32:55.261Z In(05) vmx hostCPUID level 80000020, 0: 0x00000000 0x00000000 0x00000000 0x00000000
2026-06-30T07:32:55.261Z In(05) vmx hostCPUID level 80000020, 1: 0x00000000 0x00000000 0x00000000 0x00000000
2026-06-30T07:32:55.261Z In(05) vmx hostCPUID level 80000020, 2: 0x00000000 0x00000000 0x00000000 0x00000000
2026-06-30T07:32:55.262Z In(05) vmx hostCPUID level 80000020, 3: 0x00000000 0x00000000 0x00000000 0x00000000
2026-06-30T07:32:55.262Z In(05) vmx hostCPUID level 80000021, 0: 0x00000000 0x00000000 0x00000006 0x00000000
2026-06-30T07:32:55.262Z In(05) vmx CPUID differences from hostCPUID.
2026-06-30T07:32:55.262Z In(05) vmx Physical APIC IDs: 0-3
2026-06-30T07:32:55.262Z In(05) vmx Physical Extended APIC IDs: 0-3
2026-06-30T07:32:55.262Z In(05) vmx Physical Compute Unit IDs: 0(x2),1(x2)
2026-06-30T07:32:55.262Z In(05) vmx Physical Node IDs: 0(x4)
2026-06-30T07:32:55.262Z In(05) vmx Common: MSR       0x3a =                  0
2026-06-30T07:32:55.262Z In(05) vmx Common: MSR      0x480 =                  0
2026-06-30T07:32:55.262Z In(05) vmx Common: MSR      0x481 =                  0
2026-06-30T07:32:55.262Z In(05) vmx Common: MSR      0x482 =                  0
2026-06-30T07:32:55.262Z In(05) vmx Common: MSR      0x483 =                  0
2026-06-30T07:32:55.262Z In(05) vmx Common: MSR      0x484 =                  0
2026-06-30T07:32:55.263Z In(05) vmx Common: MSR      0x485 =                  0
2026-06-30T07:32:55.263Z In(05) vmx Common: MSR      0x486 =                  0
2026-06-30T07:32:55.263Z In(05) vmx Common: MSR      0x487 =                  0
2026-06-30T07:32:55.263Z In(05) vmx Common: MSR      0x488 =                  0
2026-06-30T07:32:55.263Z In(05) vmx Common: MSR      0x489 =                  0
2026-06-30T07:32:55.263Z In(05) vmx Common: MSR      0x48a =                  0
2026-06-30T07:32:55.263Z In(05) vmx Common: MSR      0x48b =                  0
2026-06-30T07:32:55.263Z In(05) vmx Common: MSR      0x48c =                  0
2026-06-30T07:32:55.263Z In(05) vmx Common: MSR      0x48d =                  0
2026-06-30T07:32:55.263Z In(05) vmx Common: MSR      0x48e =                  0
2026-06-30T07:32:55.263Z In(05) vmx Common: MSR      0x48f =                  0
2026-06-30T07:32:55.263Z In(05) vmx Common: MSR      0x490 =                  0
2026-06-30T07:32:55.263Z In(05) vmx Common: MSR      0x491 =                  0
2026-06-30T07:32:55.263Z In(05) vmx Common: MSR      0x492 =                  0
2026-06-30T07:32:55.263Z In(05) vmx Common: MSR      0x493 =                  0
2026-06-30T07:32:55.263Z In(05) vmx Common: MSR 0xc0010114 =                  0
2026-06-30T07:32:55.263Z In(05) vmx Common: MSR       0xce =         0x80000000
2026-06-30T07:32:55.263Z In(05) vmx Common: MSR      0x10a =                  0
2026-06-30T07:32:55.263Z In(05) vmx Common: MSR      0x122 =                  0
2026-06-30T07:32:55.263Z In(05) vmx TSC Hz estimates: vmmon 0, remembered 0, osReported 0. Using 2595051496 Hz.
2026-06-30T07:32:55.263Z In(05) vmx PTSC: RefClockToPTSC 0 @ 10000000Hz -> 0 @ 2595051496Hz
2026-06-30T07:32:55.264Z In(05) vmx PTSC: RefClockToPTSC ((x * 2176886974) >> 23) + -892030538531043
2026-06-30T07:32:55.264Z In(05) vmx PTSC: tscOffset 0
2026-06-30T07:32:55.264Z In(05) vmx PTSC: using user-level reference clock
2026-06-30T07:32:55.264Z In(05) vmx PTSC: hardware TSCs are synchronized.
2026-06-30T07:32:55.264Z In(05) vmx PTSC: hardware TSCs may have been adjusted by the host.
2026-06-30T07:32:55.264Z In(05) vmx PTSC: current PTSC=761128
2026-06-30T07:32:55.293Z In(05) vmx WQPoolAllocPoll : pollIx = 3, signalHandle = 936
2026-06-30T07:32:55.366Z In(05) vmx ConfigCheck: No rules file found. Checks are disabled.
2026-06-30T07:32:55.366Z In(05) vmx changing directory to D:\Downloads\Vyft_product\Slura\.
2026-06-30T07:32:55.368Z In(05) vmx Config file: D:\Downloads\Vyft_product\Slura\VyftUEFI.vmx
2026-06-30T07:32:55.368Z In(05) vmx Vix: [mainDispatch.c:4213]: VMAutomation_ReportPowerOpFinished: statevar=1, newAppState=1873, success=1 additionalError=0
2026-06-30T07:32:55.368Z In(05) vmx Vix: [mainDispatch.c:4213]: VMAutomation_ReportPowerOpFinished: statevar=2, newAppState=1878, success=1 additionalError=0
2026-06-30T07:32:55.380Z In(05) vmx LogRotation: Rotating to a new log file (keepOld 3) took 0.002692 seconds.
2026-06-30T07:32:55.405Z No(00) vmx LogVMXReplace: Successful switching from temporary to permanent log file took 0.027380 seconds.
2026-06-30T07:32:55.442Z Wa(03) vmx PowerOn
2026-06-30T07:32:55.442Z In(05) vmx VMX_PowerOn: VMX build 24319023, UI build 24319023
2026-06-30T07:32:55.444Z In(05) vmx HostWin32: WIN32 NUMA node 0, CPU mask 0x000000000000000f
2026-06-30T07:32:55.459Z In(05) vmx Vix: [mainDispatch.c:4213]: VMAutomation_ReportPowerOpFinished: statevar=0, newAppState=1871, success=1 additionalError=0
2026-06-30T07:32:55.465Z In(05) vmx STATSFILE: StatsFile 'D:\Downloads\Vyft_product\Slura\VyftUEFI.scoreboard' created
2026-06-30T07:32:55.466Z In(05) vmx HOST Windows version 10.0, build 26200, platform 2, ""
2026-06-30T07:32:55.466Z In(05) vmx DICT --- GLOBAL SETTINGS C:\ProgramData\VMware\VMware Workstation\settings.ini
2026-06-30T07:32:55.466Z In(05) vmx DICT          printers.enabled = "FALSE"
2026-06-30T07:32:55.466Z In(05) vmx DICT --- NON PERSISTENT (null)
2026-06-30T07:32:55.466Z In(05) vmx DICT --- USER PREFERENCES C:\Users\emmer\AppData\Roaming\VMware\preferences.ini
2026-06-30T07:32:55.466Z In(05) vmx DICT pref.keyboardAndMouse.vmHotKey.enabled = "FALSE"
2026-06-30T07:32:55.466Z In(05) vmx DICT pref.keyboardAndMouse.vmHotKey.count = "0"
2026-06-30T07:32:55.466Z In(05) vmx DICT pref.vmplayer.firstRunDismissedVersion = "17.0.1"
2026-06-30T07:32:55.466Z In(05) vmx DICT      pref.mruVM0.filename = "D:\Downloads\Xivo\Xivo for vyft.vmx"
2026-06-30T07:32:55.466Z In(05) vmx DICT   pref.mruVM0.displayName = "Xivo for vyft"
2026-06-30T07:32:55.466Z In(05) vmx DICT         pref.mruVM0.index = "0"
2026-06-30T07:32:55.466Z In(05) vmx DICT         vmWizard.guestKey = "other-64"
2026-06-30T07:32:55.466Z In(05) vmx DICT vmWizard.installMediaType = "later"
2026-06-30T07:32:55.466Z In(05) vmx DICT      pref.mruVM1.filename = "D:\Downloads\Xivo\Xivo vylte-finuka.vmx"
2026-06-30T07:32:55.468Z In(05) vmx DICT   pref.mruVM1.displayName = "Xivo vylte-finuka"
2026-06-30T07:32:55.468Z In(05) vmx DICT         pref.mruVM1.index = "1"
2026-06-30T07:32:55.468Z In(05) vmx DICT pref.wspro.firstRunDismissedVersion = "17.6.1"
2026-06-30T07:32:55.468Z In(05) vmx DICT pref.ws.session.window.count = "1"
2026-06-30T07:32:55.468Z In(05) vmx DICT pref.ws.session.window0.tab.count = "1"
2026-06-30T07:32:55.468Z In(05) vmx DICT pref.ws.session.window0.tab0.cnxType = "vmdb"
2026-06-30T07:32:55.468Z In(05) vmx DICT pref.ws.session.window0.tab1.cnxType = "vmdb"
2026-06-30T07:32:55.468Z In(05) vmx DICT pref.ws.session.window0.sidebar = "TRUE"
2026-06-30T07:32:55.468Z In(05) vmx DICT pref.ws.session.window0.sidebar.width = "200"
2026-06-30T07:32:55.468Z In(05) vmx DICT pref.ws.session.window0.statusBar = "TRUE"
2026-06-30T07:32:55.468Z In(05) vmx DICT pref.ws.session.window0.tabs = "TRUE"
2026-06-30T07:32:55.468Z In(05) vmx DICT pref.ws.session.window0.thumbnailBar = "FALSE"
2026-06-30T07:32:55.468Z In(05) vmx DICT pref.ws.session.window0.thumbnailBar.size = "125"
2026-06-30T07:32:55.468Z In(05) vmx DICT pref.ws.session.window0.thumbnailBar.view = "same-folder"
2026-06-30T07:32:55.468Z In(05) vmx DICT pref.ws.session.window0.placement.left = "820"
2026-06-30T07:32:55.468Z In(05) vmx DICT pref.ws.session.window0.placement.top = "103"
2026-06-30T07:32:55.468Z In(05) vmx DICT pref.ws.session.window0.placement.right = "1824"
2026-06-30T07:32:55.468Z In(05) vmx DICT pref.ws.session.window0.placement.bottom = "870"
2026-06-30T07:32:55.468Z In(05) vmx DICT pref.ws.session.window0.maximized = "TRUE"
2026-06-30T07:32:55.468Z In(05) vmx DICT vmWizard.isoLocationMRU.count = "5"
2026-06-30T07:32:55.468Z In(05) vmx DICT vmWizard.isoLocationMRU0.location = "Slura1_NAVERTA_build29062617.iso"
2026-06-30T07:32:55.468Z In(05) vmx DICT vmWizard.isoLocationMRU1.location = "Slura1_NAVERTA_build20240611-01.iso"
2026-06-30T07:32:55.468Z In(05) vmx DICT  pref.fullscreen.autohide = "TRUE"
2026-06-30T07:32:55.468Z In(05) vmx DICT vmWizard.isoLocationMRU2.location = "slr_clk_bt\x64\amd64\esp.iso"
2026-06-30T07:32:55.468Z In(05) vmx DICT vmWizard.isoLocationMRU3.location = "D:\Downloads\debian-12.13.0-amd64-netinst.iso"
2026-06-30T07:32:55.468Z In(05) vmx DICT pref.ws.session.window0.tab0.dest = ""
2026-06-30T07:32:55.468Z In(05) vmx DICT pref.ws.session.window0.tab0.file = ""
2026-06-30T07:32:55.468Z In(05) vmx DICT pref.ws.session.window0.tab0.type = "home"
2026-06-30T07:32:55.468Z In(05) vmx DICT pref.ws.session.window0.tab0.focused = "FALSE"
2026-06-30T07:32:55.468Z In(05) vmx DICT vmWizard.isoLocationMRU4.location = "D:\Downloads\xivo-2024.04.00-amd64.iso"
2026-06-30T07:32:55.468Z In(05) vmx DICT --- USER DEFAULTS C:\Users\emmer\AppData\Roaming\VMware\config.ini
2026-06-30T07:32:55.468Z In(05) vmx DICT --- HOST DEFAULTS C:\ProgramData\VMware\VMware Workstation\config.ini
2026-06-30T07:32:55.468Z In(05) vmx DICT         authd.client.port = "902"
2026-06-30T07:32:55.468Z In(05) vmx DICT           authd.proxy.nfc = "vmware-hostd:ha-nfc"
2026-06-30T07:32:55.468Z In(05) vmx DICT installerDefaults.autoSoftwareUpdateEnabled = "no"
2026-06-30T07:32:55.468Z In(05) vmx DICT installerDefaults.autoSoftwareUpdateEnabled.epoch = "4386"
2026-06-30T07:32:55.468Z In(05) vmx DICT installerDefaults.componentDownloadEnabled = "yes"
2026-06-30T07:32:55.468Z In(05) vmx DICT installerDefaults.dataCollectionEnabled = "no"
2026-06-30T07:32:55.468Z In(05) vmx DICT installerDefaults.dataCollectionEnabled.epoch = "4386"
2026-06-30T07:32:55.468Z In(05) vmx DICT --- SITE DEFAULTS C:\ProgramData\VMware\VMware Workstation\config.ini
2026-06-30T07:32:55.468Z In(05) vmx DICT         authd.client.port = "902"
2026-06-30T07:32:55.468Z In(05) vmx DICT           authd.proxy.nfc = "vmware-hostd:ha-nfc"
2026-06-30T07:32:55.468Z In(05) vmx DICT installerDefaults.autoSoftwareUpdateEnabled = "no"
2026-06-30T07:32:55.468Z In(05) vmx DICT installerDefaults.autoSoftwareUpdateEnabled.epoch = "4386"
2026-06-30T07:32:55.468Z In(05) vmx DICT installerDefaults.componentDownloadEnabled = "yes"
2026-06-30T07:32:55.468Z In(05) vmx DICT installerDefaults.dataCollectionEnabled = "no"
2026-06-30T07:32:55.468Z In(05) vmx DICT installerDefaults.dataCollectionEnabled.epoch = "4386"
2026-06-30T07:32:55.468Z In(05) vmx DICT --- NONPERSISTENT
2026-06-30T07:32:55.468Z In(05) vmx DICT            vmx.stdio.keep = "TRUE"
2026-06-30T07:32:55.468Z In(05) vmx DICT             gui.available = "TRUE"
2026-06-30T07:32:55.468Z In(05) vmx DICT --- COMMAND LINE
2026-06-30T07:32:55.468Z In(05) vmx DICT            vmx.stdio.keep = "TRUE"
2026-06-30T07:32:55.468Z In(05) vmx DICT             gui.available = "TRUE"
2026-06-30T07:32:55.468Z In(05) vmx DICT --- RECORDING
2026-06-30T07:32:55.470Z In(05) vmx DICT            vmx.stdio.keep = "TRUE"
2026-06-30T07:32:55.470Z In(05) vmx DICT             gui.available = "TRUE"
2026-06-30T07:32:55.470Z In(05) vmx DICT --- CONFIGURATION D:\Downloads\Vyft_product\Slura\VyftUEFI.vmx 
2026-06-30T07:32:55.470Z In(05) vmx DICT            config.version = "8"
2026-06-30T07:32:55.470Z In(05) vmx DICT         virtualHW.version = "21"
2026-06-30T07:32:55.470Z In(05) vmx DICT        pciBridge0.present = "TRUE"
2026-06-30T07:32:55.470Z In(05) vmx DICT        pciBridge4.present = "TRUE"
2026-06-30T07:32:55.470Z In(05) vmx DICT     pciBridge4.virtualDev = "pcieRootPort"
2026-06-30T07:32:55.470Z In(05) vmx DICT      pciBridge4.functions = "8"
2026-06-30T07:32:55.470Z In(05) vmx DICT        pciBridge5.present = "TRUE"
2026-06-30T07:32:55.470Z In(05) vmx DICT     pciBridge5.virtualDev = "pcieRootPort"
2026-06-30T07:32:55.470Z In(05) vmx DICT      pciBridge5.functions = "8"
2026-06-30T07:32:55.470Z In(05) vmx DICT        pciBridge6.present = "TRUE"
2026-06-30T07:32:55.470Z In(05) vmx DICT     pciBridge6.virtualDev = "pcieRootPort"
2026-06-30T07:32:55.470Z In(05) vmx DICT      pciBridge6.functions = "8"
2026-06-30T07:32:55.470Z In(05) vmx DICT        pciBridge7.present = "TRUE"
2026-06-30T07:32:55.470Z In(05) vmx DICT     pciBridge7.virtualDev = "pcieRootPort"
2026-06-30T07:32:55.470Z In(05) vmx DICT      pciBridge7.functions = "8"
2026-06-30T07:32:55.470Z In(05) vmx DICT             vmci0.present = "TRUE"
2026-06-30T07:32:55.470Z In(05) vmx DICT             hpet0.present = "TRUE"
2026-06-30T07:32:55.470Z In(05) vmx DICT                     nvram = "VyftUEFI.nvram"
2026-06-30T07:32:55.470Z In(05) vmx DICT virtualHW.productCompatibility = "hosted"
2026-06-30T07:32:55.470Z In(05) vmx DICT        powerType.powerOff = "soft"
2026-06-30T07:32:55.470Z In(05) vmx DICT         powerType.powerOn = "soft"
2026-06-30T07:32:55.470Z In(05) vmx DICT         powerType.suspend = "soft"
2026-06-30T07:32:55.470Z In(05) vmx DICT           powerType.reset = "soft"
2026-06-30T07:32:55.470Z In(05) vmx DICT               displayName = "VyftUEFI"
2026-06-30T07:32:55.470Z In(05) vmx DICT                   guestOS = "other-64"
2026-06-30T07:32:55.470Z In(05) vmx DICT            tools.syncTime = "FALSE"
2026-06-30T07:32:55.470Z In(05) vmx DICT          sound.autoDetect = "TRUE"
2026-06-30T07:32:55.470Z In(05) vmx DICT            sound.fileName = "-1"
2026-06-30T07:32:55.470Z In(05) vmx DICT             sound.present = "TRUE"
2026-06-30T07:32:55.470Z In(05) vmx DICT                  numvcpus = "2"
2026-06-30T07:32:55.470Z In(05) vmx DICT      cpuid.coresPerSocket = "1"
2026-06-30T07:32:55.470Z In(05) vmx DICT                   memsize = "2048"
2026-06-30T07:32:55.470Z In(05) vmx DICT           ide0:0.fileName = "VyftUEFI.vmdk"
2026-06-30T07:32:55.470Z In(05) vmx DICT            ide0:0.present = "TRUE"
2026-06-30T07:32:55.470Z In(05) vmx DICT         ide1:0.deviceType = "cdrom-image"
2026-06-30T07:32:55.470Z In(05) vmx DICT           ide1:0.fileName = "Slura1_NAVERTA_build29062617.iso"
2026-06-30T07:32:55.470Z In(05) vmx DICT            ide1:0.present = "TRUE"
2026-06-30T07:32:55.470Z In(05) vmx DICT     ethernet0.addressType = "generated"
2026-06-30T07:32:55.470Z In(05) vmx DICT      ethernet0.virtualDev = "e1000"
2026-06-30T07:32:55.470Z In(05) vmx DICT         ethernet0.present = "TRUE"
2026-06-30T07:32:55.470Z In(05) vmx DICT        extendedConfigFile = "VyftUEFI.vmxf"
2026-06-30T07:32:55.470Z In(05) vmx DICT           floppy0.present = "FALSE"
2026-06-30T07:32:55.470Z In(05) vmx DICT         vmxstats.filename = "VyftUEFI.scoreboard"
2026-06-30T07:32:55.470Z In(05) vmx DICT      numa.autosize.cookie = "20012"
2026-06-30T07:32:55.470Z In(05) vmx DICT numa.autosize.vcpu.maxPerVirtualNode = "2"
2026-06-30T07:32:55.470Z In(05) vmx DICT                 uuid.bios = "56 4d fd 01 55 33 7d 75-65 a6 f4 cb eb 71 e9 a9"
2026-06-30T07:32:55.476Z In(05) vmx DICT             uuid.location = "56 4d fd 01 55 33 7d 75-65 a6 f4 cb eb 71 e9 a9"
2026-06-30T07:32:55.476Z In(05) vmx DICT  pciBridge0.pciSlotNumber = "17"
2026-06-30T07:32:55.476Z In(05) vmx DICT  pciBridge4.pciSlotNumber = "21"
2026-06-30T07:32:55.476Z In(05) vmx DICT  pciBridge5.pciSlotNumber = "22"
2026-06-30T07:32:55.476Z In(05) vmx DICT  pciBridge6.pciSlotNumber = "23"
2026-06-30T07:32:55.476Z In(05) vmx DICT  pciBridge7.pciSlotNumber = "24"
2026-06-30T07:32:55.476Z In(05) vmx DICT   ethernet0.pciSlotNumber = "32"
2026-06-30T07:32:55.476Z In(05) vmx DICT       sound.pciSlotNumber = "33"
2026-06-30T07:32:55.476Z In(05) vmx DICT               ide0:0.redo = ""
2026-06-30T07:32:55.476Z In(05) vmx DICT             svga.vramSize = "268435456"
2026-06-30T07:32:55.476Z In(05) vmx DICT  vmotion.checkpointFBSize = "134217728"
2026-06-30T07:32:55.476Z In(05) vmx DICT vmotion.checkpointSVGAPrimarySize = "268435456"
2026-06-30T07:32:55.476Z In(05) vmx DICT   vmotion.svga.mobMaxSize = "268435456"
2026-06-30T07:32:55.476Z In(05) vmx DICT vmotion.svga.graphicsMemoryKB = "262144"
2026-06-30T07:32:55.476Z In(05) vmx DICT ethernet0.generatedAddress = "00:0c:29:71:e9:a9"
2026-06-30T07:32:55.476Z In(05) vmx DICT ethernet0.generatedAddressOffset = "0"
2026-06-30T07:32:55.476Z In(05) vmx DICT                  vmci0.id = "-344856151"
2026-06-30T07:32:55.476Z In(05) vmx DICT    monitor.phys_bits_used = "45"
2026-06-30T07:32:55.476Z In(05) vmx DICT             cleanShutdown = "TRUE"
2026-06-30T07:32:55.476Z In(05) vmx DICT              softPowerOff = "FALSE"
2026-06-30T07:32:55.476Z In(05) vmx DICT                  firmware = "efi"
2026-06-30T07:32:55.476Z In(05) vmx DICT --- USER DEFAULTS C:\Users\emmer\AppData\Roaming\VMware\config.ini 
2026-06-30T07:32:55.476Z In(05) vmx DICT --- HOST DEFAULTS C:\ProgramData\VMware\VMware Workstation\config.ini 
2026-06-30T07:32:55.476Z In(05) vmx DICT         authd.client.port = "902"
2026-06-30T07:32:55.476Z In(05) vmx DICT           authd.proxy.nfc = "vmware-hostd:ha-nfc"
2026-06-30T07:32:55.476Z In(05) vmx DICT installerDefaults.autoSoftwareUpdateEnabled = "no"
2026-06-30T07:32:55.476Z In(05) vmx DICT installerDefaults.autoSoftwareUpdateEnabled.epoch = "4386"
2026-06-30T07:32:55.476Z In(05) vmx DICT installerDefaults.componentDownloadEnabled = "yes"
2026-06-30T07:32:55.476Z In(05) vmx DICT installerDefaults.dataCollectionEnabled = "no"
2026-06-30T07:32:55.476Z In(05) vmx DICT installerDefaults.dataCollectionEnabled.epoch = "4386"
2026-06-30T07:32:55.476Z In(05) vmx DICT --- SITE DEFAULTS C:\ProgramData\VMware\VMware Workstation\config.ini 
2026-06-30T07:32:55.476Z In(05) vmx DICT         authd.client.port = "902"
2026-06-30T07:32:55.476Z In(05) vmx DICT           authd.proxy.nfc = "vmware-hostd:ha-nfc"
2026-06-30T07:32:55.476Z In(05) vmx DICT installerDefaults.autoSoftwareUpdateEnabled = "no"
2026-06-30T07:32:55.476Z In(05) vmx DICT installerDefaults.autoSoftwareUpdateEnabled.epoch = "4386"
2026-06-30T07:32:55.476Z In(05) vmx DICT installerDefaults.componentDownloadEnabled = "yes"
2026-06-30T07:32:55.476Z In(05) vmx DICT installerDefaults.dataCollectionEnabled = "no"
2026-06-30T07:32:55.476Z In(05) vmx DICT installerDefaults.dataCollectionEnabled.epoch = "4386"
2026-06-30T07:32:55.476Z In(05) vmx DICT --- GLOBAL SETTINGS C:\ProgramData\VMware\VMware Workstation\settings.ini 
2026-06-30T07:32:55.476Z In(05) vmx DICT          printers.enabled = "FALSE"
2026-06-30T07:32:55.480Z In(05) vmx Powering on guestOS 'other-64' using the configuration for 'other-64'.
2026-06-30T07:32:55.482Z In(05) vmx ToolsISO: open of C:\Program Files (x86)\VMware\VMware Workstation\isoimages_manifest.txt.sig failed: Could not find the file
2026-06-30T07:32:55.482Z In(05) vmx ToolsISO: Unable to read signature file 'C:\Program Files (x86)\VMware\VMware Workstation\isoimages_manifest.txt.sig', ignoring.
2026-06-30T07:32:55.484Z In(05) vmx ToolsISO: Guest 'other-64' not found in Tools image map file 'C:\Program Files (x86)\VMware\VMware Workstation\isoimages_manifest.txt'
2026-06-30T07:32:55.484Z In(05) vmx ToolsISO: Updated cached value for imageName to '(null)'.
2026-06-30T07:32:55.484Z In(05) vmx GuestOS: GuestOS_GetToolsImageName: Failed to get Tools ISO image path.
2026-06-30T07:32:55.484Z In(05) vmx Vix: [mainDispatch.c:4213]: VMAutomation_ReportPowerOpFinished: statevar=1, newAppState=1873, success=1 additionalError=0
2026-06-30T07:32:55.484Z In(05) vmx DEVSWAP: GuestOS does not require LSI adapter swap.
2026-06-30T07:32:55.488Z In(05) vmx Monitor Mode: ULM
2026-06-30T07:32:55.488Z In(05) vmx MsgHint: msg.loader.mitigations.wsAndFusion
2026-06-30T07:32:55.488Z In(05)+ vmx You are running this virtual machine with side channel mitigations enabled. Side channel mitigations provide enhanced security but also lower performance.
2026-06-30T07:32:55.488Z In(05)+ vmx 
2026-06-30T07:32:55.488Z In(05)+ vmx To disable mitigations, change the side channel mitigations setting in the advanced panel of the virtual machine settings. Refer to VMware KB article 79832 at https://kb.vmware.com/s/article/79832 for more details.
2026-06-30T07:32:55.488Z In(05)+ vmx ---------------------------------------
2026-06-30T07:32:56.759Z No(00) vmx PowerOnTiming: Module MonitorMode took 1280671 us
2026-06-30T07:32:56.810Z In(05) vmx OvhdMem_PowerOn: initial admission: paged   608922 nonpaged    41724 anonymous     6134
2026-06-30T07:32:56.810Z In(05) vmx VMMEM: Initial Reservation: 2565MB (MainMem=2048MB)
2026-06-30T07:32:56.810Z In(05) vmx llc: maximum vcpus per LLC: 1
2026-06-30T07:32:56.810Z In(05) vmx llc: vLLC size: 1
2026-06-30T07:32:56.828Z In(05) vmx MemSched_PowerOn: balloon minGuestSize 6553 (80% of min required size 8192)
2026-06-30T07:32:56.830Z In(05) vmx MemSched: reserved mem (in MB) min 128 max 30394 recommended 30394
2026-06-30T07:32:56.830Z In(05) vmx MemSched: pg 608922 np 41724 anon 6134 mem 524288
2026-06-30T07:32:57.645Z In(05) vmx MemSched: numvm 1 locked pages: num 0 max 7772672
2026-06-30T07:32:57.645Z In(05) vmx MemSched: locked Page Limit: host 8229725 config 7780864
2026-06-30T07:32:57.645Z In(05) vmx MemSched: minmempct 50 minalloc 0 admitted 1
2026-06-30T07:32:57.645Z No(00) vmx PowerOnTiming: Module MemSched took 825192 us
2026-06-30T07:32:57.645Z In(05) PowerNotifyThread VTHREAD 28804 "PowerNotifyThread"
2026-06-30T07:32:57.645Z In(05) PowerNotifyThread PowerNotify thread is alive.
2026-06-30T07:32:57.645Z In(05) vmx LICENSE: Running unlicensed VMX (VMware Workstation)
2026-06-30T07:32:57.645Z In(05) vthread-8508 VTHREAD 8508 "vthread-8508"
2026-06-30T07:32:57.658Z In(05) vmx Win32U_GetFileAttributes: GetFileAttributesExW("D:\Downloads\Vyft_product\Slura\VyftUEFI.vmpl", ...) failed, error: 2
2026-06-30T07:32:57.658Z In(05) vmx PolicyVMXFindPolicyKey: policy file does not exist.
2026-06-30T07:32:57.662Z In(05) vmx Win32U_GetFileAttributes: GetFileAttributesExW("D:\Downloads\Vyft_product\Slura\VyftUEFI.vmpl", ...) failed, error: 2
2026-06-30T07:32:57.662Z In(05) vmx PolicyVMXFindPolicyKey: policy file does not exist.
2026-06-30T07:32:57.662Z In(05) vmx Host PA size: 48 bits. Guest PA size: 45 bits.
2026-06-30T07:32:57.664Z In(05) vmx ToolsISO: open of C:\Program Files (x86)\VMware\VMware Workstation\isoimages_manifest.txt.sig failed: Could not find the file
2026-06-30T07:32:57.664Z In(05) vmx ToolsISO: Unable to read signature file 'C:\Program Files (x86)\VMware\VMware Workstation\isoimages_manifest.txt.sig', ignoring.
2026-06-30T07:32:57.666Z In(05) vmx ToolsISO: Guest 'other-64' not found in Tools image map file 'C:\Program Files (x86)\VMware\VMware Workstation\isoimages_manifest.txt'
2026-06-30T07:32:57.666Z In(05) vmx ToolsISO: Updated cached value for imageName to '(null)'.
2026-06-30T07:32:57.666Z In(05) vmx GuestOS: GuestOS_GetToolsImageName: Failed to get Tools ISO image path.
2026-06-30T07:32:57.666Z In(05) deviceThread VTHREAD 9548 "deviceThread"
2026-06-30T07:32:57.666Z In(05) deviceThread Device thread is alive
2026-06-30T07:32:57.666Z In(05) vmx KHZEstimate 2595051
2026-06-30T07:32:57.666Z In(05) vmx MHZEstimate 2595
2026-06-30T07:32:57.666Z In(05) vmx NumVCPUs 2
2026-06-30T07:32:57.671Z In(05) vmx AIOGNRC: numThreads=4 ide=1, scsi=0, passthru=1
2026-06-30T07:32:57.671Z In(05) vmx WORKER: Creating new group with maxThreads=4 (4)
2026-06-30T07:32:57.675Z In(05) vmx WORKER: Creating new group with maxThreads=1 (5)
2026-06-30T07:32:57.675Z In(05) vmx MainMem: CPT Host WZ=0 PF=2048 D=0
2026-06-30T07:32:57.675Z In(05) vmx MainMem: CPT PLS=1 PLR=1 BS=1 BlkP=32 Mult=4 W=50
2026-06-30T07:32:57.686Z In(05) vmx MainMem: Opened paging file, 'D:\Downloads\Vyft_product\Slura\564dfd01-5533-7d75-65a6-f4cbeb71e9a9.vmem'.
2026-06-30T07:32:57.686Z In(05) vmx MStat: Creating Stat vm.uptime
2026-06-30T07:32:57.686Z In(05) vmx MStat: Creating Stat vm.suspendTime
2026-06-30T07:32:57.686Z In(05) vmx MStat: Creating Stat vm.powerOnTimeStamp
2026-06-30T07:32:57.686Z In(05) aioCompletion VTHREAD 27580 "aioCompletion"
2026-06-30T07:32:57.686Z In(05) vmx VMXAIOMGR: Using: simple=Compl
2026-06-30T07:32:57.695Z In(05) vmx WORKER: Creating new group with maxThreads=1 (6)
2026-06-30T07:32:57.711Z In(05) vmx WORKER: Creating new group with maxThreads=1 (7)
2026-06-30T07:32:57.711Z In(05) vmx WORKER: Creating new group with maxThreads=14 (21)
2026-06-30T07:32:57.713Z In(05) vmx FeatureCompat: No VM masks.
2026-06-30T07:32:57.713Z In(05) vmx TimeTracker host to guest rate conversion 6359633793 @ 2595051496Hz -> 0 @ 2595051496Hz
2026-06-30T07:32:57.713Z In(05) vmx TimeTracker host to guest rate conversion ((x * 2147483648) >> 31) + -6359633793
2026-06-30T07:32:57.713Z In(05) vmx Disabling TSC scaling since host does not support it.
2026-06-30T07:32:57.713Z In(05) vmx TSC offsetting enabled.
2026-06-30T07:32:57.713Z In(05) vmx timeTracker.globalProgressMaxAllowanceMS: 2000
2026-06-30T07:32:57.713Z In(05) vmx timeTracker.globalProgressToAllowanceNS: 1000
2026-06-30T07:32:57.715Z In(05) vmx MKS PowerOn
2026-06-30T07:32:57.720Z In(05) mks VTHREAD 15888 "mks"
2026-06-30T07:32:57.720Z In(05) mks MKS thread is alive
2026-06-30T07:32:57.720Z In(05) svga VTHREAD 30444 "svga"
2026-06-30T07:32:57.720Z In(05) svga SVGA thread is alive
2026-06-30T07:32:57.720Z In(05) mks MKS: SSE2=1, SSSE3=1, SSE4_1=1
2026-06-30T07:32:57.722Z In(05) mouse VTHREAD 13216 "mouse"
2026-06-30T07:32:57.722Z In(05) mks MKS-HookKeyboard: RegQueryValueEx(LowLevelHooksTimeout) failed: Unknown error 2 (0x2) (2)
2026-06-30T07:32:57.723Z In(05) kbh VTHREAD 23288 "kbh"
2026-06-30T07:32:57.727Z In(05) mks MKSWin32: Registering top level window (0x70b42) to receive session change notification.
2026-06-30T07:32:57.731Z In(05) mks MKSWin32: Disabled power throttling.
2026-06-30T07:32:57.731Z In(05) mks Current Display Settings:
2026-06-30T07:32:57.731Z In(05) mks    Display: 0 size: 1920x1080  position: (0, 0) name: \\.\DISPLAY1  
2026-06-30T07:32:57.733Z In(05) mks MKSWin32: MIL: 0x4000
2026-06-30T07:32:57.733Z In(05) mks MKSRenderMain: PowerOn allowed BasicOps 
2026-06-30T07:32:57.733Z In(05) mks MKSRenderMain: ISB enabled by config
2026-06-30T07:32:57.733Z In(05) mks MKSRenderMain: Collecting RenderOps caps from BasicOps
2026-06-30T07:32:57.733Z In(05) mks MKSRenderMain: Starting BasicOps
2026-06-30T07:32:57.733Z In(05) mks MKSRenderMain: Started BasicOps
2026-06-30T07:32:57.733Z In(05) mks MKSRenderMain: Found Full Renderer: MKSBasicOps
2026-06-30T07:32:57.733Z In(05) mks MKSRenderMain: maxTextureSize=32768
2026-06-30T07:32:57.735Z In(05) mks KHBKL: Unable to parse keystring at: ''
2026-06-30T07:32:57.735Z In(05) mks MKSRemoteMgr: Set default display name: VyftUEFI
2026-06-30T07:32:57.735Z In(05) mks MKSRemoteMgr: Loading VNC Configuration from VM config file
2026-06-30T07:32:57.735Z In(05) mks MKSRemoteMgr: Using default VNC keymap table "us"
2026-06-30T07:32:57.735Z In(05) vmx VLANCE: send cluster threshold is 80, size = 2 recalcInterval is 20000 us
2026-06-30T07:32:57.735Z In(05) vmx VMXNET: send cluster threshold is 80, size = 2 recalcInterval is 20000 ticks, dontClusterSize is 128
2026-06-30T07:32:57.735Z In(05) vmx Chipset version: 0x13
2026-06-30T07:32:57.735Z In(05) vmx The EFI ROM is EFI2.7 64-bit.
2026-06-30T07:32:57.739Z In(05) vmx SOUNDLIB: Creating the Wave sound backend.
2026-06-30T07:32:57.749Z No(00) vmx ConfigDB: Setting pciBridge4.pciSlotNumber = "-1"
2026-06-30T07:32:57.749Z No(00) vmx ConfigDB: Setting pciBridge5.pciSlotNumber = "-1"
2026-06-30T07:32:57.749Z No(00) vmx ConfigDB: Setting pciBridge6.pciSlotNumber = "-1"
2026-06-30T07:32:57.749Z No(00) vmx ConfigDB: Setting pciBridge7.pciSlotNumber = "-1"
2026-06-30T07:32:57.749Z No(00) vmx ConfigDB: Setting pciBridge4.pciSlotNumber = "21"
2026-06-30T07:32:57.749Z No(00) vmx ConfigDB: Setting pciBridge5.pciSlotNumber = "22"
2026-06-30T07:32:57.749Z No(00) vmx ConfigDB: Setting pciBridge6.pciSlotNumber = "23"
2026-06-30T07:32:57.749Z No(00) vmx ConfigDB: Setting pciBridge7.pciSlotNumber = "24"
2026-06-30T07:32:57.802Z In(05) vmx MigrateBusMemPrealloc: BusMem preallocation begins.
2026-06-30T07:32:57.802Z In(05) vmx MigrateBusMemPrealloc: BusMem preallocation completes.
2026-06-30T07:32:57.802Z No(00) vmx ConfigDB: Setting ide0:0.redo = ""
2026-06-30T07:32:57.802Z In(05) vmx DISK: OPEN ide0:0 'D:\Downloads\Vyft_product\Slura\VyftUEFI.vmdk' persistent R[]
2026-06-30T07:32:57.836Z In(05) vmx DiskGetGeometry: Reading of disk partition table
2026-06-30T07:32:57.836Z In(05) vmx DISK: Disk 'D:\Downloads\Vyft_product\Slura\VyftUEFI.vmdk' has UUID '60 00 c2 95 7a 04 af ea-c0 f9 0a 34 2c ea 45 9b'
2026-06-30T07:32:57.836Z In(05) vmx DISK: OPEN 'D:\Downloads\Vyft_product\Slura\VyftUEFI.vmdk' Geo (20805/16/63) BIOS Geo (0/0/0)
2026-06-30T07:32:57.866Z In(05) vmx DISKUTILWIN32: DiskUtilW32IsATASSDDevice: Reported rotation rate = 7200
2026-06-30T07:32:57.866Z In(05) vmx DISK: Opening disks took 67 ms.
2026-06-30T07:32:57.866Z Wa(03) vmx USB: No USB controllers found.
2026-06-30T07:32:57.877Z In(05) vmx DISKUTIL: ide0:0 : capacity=20971520 logical sector size=512
2026-06-30T07:32:57.877Z In(05) vmx SCSI DEVICE (ide0:0): Computed value of ide0:0.useBounceBuffers: default
2026-06-30T07:32:57.877Z In(05) vmx DISKUTIL: ide0:0 : capacity=20971520 logical sector size=512
2026-06-30T07:32:57.877Z In(05) vmx DISKUTIL: ide0:0 : geometry=20805/16/63
2026-06-30T07:32:57.877Z In(05) vmx SCSI DEVICE (ide1:0): Computed value of ide1:0.useBounceBuffers: default
2026-06-30T07:32:57.877Z In(05) vmx DISKUTIL: ide1:0 : capacity=0 logical sector size=2048
2026-06-30T07:32:57.877Z In(05) vmx DISKUTIL: ide1:0 : geometry=0/0/0
2026-06-30T07:32:57.879Z In(05) vmx SVGA-GFB: Config settings: autodetect=1, numDisplays=1, maxWidth=2560, maxHeight=1600
2026-06-30T07:32:57.879Z In(05) vmx SVGA-GFB: Desired maximum display topology: wh(6688, 5016)
2026-06-30T07:32:57.879Z In(05) vmx SVGA-GFB: Autodetected target gfbSize = 268435456
2026-06-30T07:32:57.879Z In(05) vmx SVGA-GFB: Using Initial       gfbSize = 134217728
2026-06-30T07:32:57.879Z In(05) vmx SVGA-GFB: MaxPrimaryMem      register = 268435456
2026-06-30T07:32:57.879Z In(05) vmx SVGA-GFB: Max wh(6688, 5016), number of displays: 10
2026-06-30T07:32:57.879Z In(05) vmx SVGA-GFB: Allocated gfbSize=134217728
2026-06-30T07:32:57.879Z No(00) vmx ConfigDB: Setting vmotion.checkpointFBSize = "134217728"
2026-06-30T07:32:57.879Z No(00) vmx ConfigDB: Setting vmotion.checkpointSVGAPrimarySize = "268435456"
2026-06-30T07:32:57.879Z In(05) vmx SVGA: SVGA DeviceLabel: svga2
2026-06-30T07:32:57.879Z No(00) vmx ConfigDB: Setting vmotion.svga.mobMaxSize = "268435456"
2026-06-30T07:32:57.879Z No(00) vmx ConfigDB: Setting vmotion.svga.graphicsMemoryKB = "262144"
2026-06-30T07:32:57.879Z In(05) vmx SVGA: mobMaxSize=268435456
2026-06-30T07:32:57.879Z In(05) vmx SVGA: graphicsMemoryKB=262144
2026-06-30T07:32:57.879Z In(05) vmx SVGA: FIFO capabilities 0x0000077f
2026-06-30T07:32:57.879Z In(05) vmx SVGAFeature renderer (before clamping) svga.supports3D bool 0
2026-06-30T07:32:57.879Z In(05) vmx SVGAFeature renderer (before clamping) svga.baseCapsLevel num 11
2026-06-30T07:32:57.879Z In(05) vmx SVGAFeature renderer (before clamping) svga.maxPointSize num 0
2026-06-30T07:32:57.879Z In(05) vmx SVGAFeature renderer (before clamping) svga.maxTextureSize num 32768
2026-06-30T07:32:57.879Z In(05) vmx SVGAFeature renderer (before clamping) svga.maxVolumeExtent num 0
2026-06-30T07:32:57.879Z In(05) vmx SVGAFeature renderer (before clamping) svga.maxTextureAnisotropy num 0
2026-06-30T07:32:57.879Z In(05) vmx SVGAFeature renderer (before clamping) svga.lineStipple bool 0
2026-06-30T07:32:57.879Z In(05) vmx SVGAFeature renderer (before clamping) svga.dxMaxConstantBuffers num 0
2026-06-30T07:32:57.879Z In(05) vmx SVGAFeature renderer (before clamping) svga.dxProvokingVertex bool 0
2026-06-30T07:32:57.881Z In(05) vmx SVGAFeature renderer (before clamping) svga.sm41 bool 0
2026-06-30T07:32:57.881Z In(05) vmx SVGAFeature renderer (before clamping) svga.multisample2x bool 0
2026-06-30T07:32:57.881Z In(05) vmx SVGAFeature renderer (before clamping) svga.multisample4x bool 0
2026-06-30T07:32:57.881Z In(05) vmx SVGAFeature renderer (before clamping) svga.msFullQuality bool 0
2026-06-30T07:32:57.881Z In(05) vmx SVGAFeature renderer (before clamping) svga.logicOps bool 0
2026-06-30T07:32:57.881Z In(05) vmx SVGAFeature renderer (before clamping) svga.bc67 num 0
2026-06-30T07:32:57.881Z In(05) vmx SVGAFeature renderer (before clamping) svga.sm5 bool 0
2026-06-30T07:32:57.881Z In(05) vmx SVGAFeature renderer (before clamping) svga.multisample8x bool 0
2026-06-30T07:32:57.881Z In(05) vmx SVGAFeature renderer (before clamping) svga.logicBlendOps bool 0
2026-06-30T07:32:57.881Z In(05) vmx SVGAFeature renderer (before clamping) svga.maxForcedSampleCount num 0
2026-06-30T07:32:57.881Z In(05) vmx SVGAFeature renderer (before clamping) svga.gl43 bool 0
2026-06-30T07:32:57.881Z In(05) vmx SVGAFeature renderer (after  clamping) svga.supports3D bool 0
2026-06-30T07:32:57.881Z In(05) vmx SVGAFeature renderer (after  clamping) svga.baseCapsLevel num 0
2026-06-30T07:32:57.881Z In(05) vmx SVGAFeature renderer (after  clamping) svga.maxPointSize num 0
2026-06-30T07:32:57.881Z In(05) vmx SVGAFeature renderer (after  clamping) svga.maxTextureSize num 0
2026-06-30T07:32:57.881Z In(05) vmx SVGAFeature renderer (after  clamping) svga.maxVolumeExtent num 0
2026-06-30T07:32:57.881Z In(05) vmx SVGAFeature renderer (after  clamping) svga.maxTextureAnisotropy num 0
2026-06-30T07:32:57.881Z In(05) vmx SVGAFeature renderer (after  clamping) svga.lineStipple bool 0
2026-06-30T07:32:57.881Z In(05) vmx SVGAFeature renderer (after  clamping) svga.dxMaxConstantBuffers num 0
2026-06-30T07:32:57.881Z In(05) vmx SVGAFeature renderer (after  clamping) svga.dxProvokingVertex bool 0
2026-06-30T07:32:57.881Z In(05) vmx SVGAFeature renderer (after  clamping) svga.sm41 bool 0
2026-06-30T07:32:57.881Z In(05) vmx SVGAFeature renderer (after  clamping) svga.multisample2x bool 0
2026-06-30T07:32:57.881Z In(05) vmx SVGAFeature renderer (after  clamping) svga.multisample4x bool 0
2026-06-30T07:32:57.881Z In(05) vmx SVGAFeature renderer (after  clamping) svga.msFullQuality bool 0
2026-06-30T07:32:57.881Z In(05) vmx SVGAFeature renderer (after  clamping) svga.logicOps bool 0
2026-06-30T07:32:57.881Z In(05) vmx SVGAFeature renderer (after  clamping) svga.bc67 num 0
2026-06-30T07:32:57.881Z In(05) vmx SVGAFeature renderer (after  clamping) svga.sm5 bool 0
2026-06-30T07:32:57.881Z In(05) vmx SVGAFeature renderer (after  clamping) svga.multisample8x bool 0
2026-06-30T07:32:57.881Z In(05) vmx SVGAFeature renderer (after  clamping) svga.logicBlendOps bool 0
2026-06-30T07:32:57.881Z In(05) vmx SVGAFeature renderer (after  clamping) svga.maxForcedSampleCount num 0
2026-06-30T07:32:57.881Z In(05) vmx SVGAFeature renderer (after  clamping) svga.gl43 bool 0
2026-06-30T07:32:57.881Z In(05) vmx SVGA3dClamp: Renderer Provides     BC67Level:     0 (    0,     0)
2026-06-30T07:32:57.881Z In(05) vmx SVGA3dClamp: Renderer Provides BaseCapsLevel:     0 (    0,     0)
2026-06-30T07:32:57.881Z In(05) vmx SVGA3dClamp: Renderer Provides    ClampLevel:     0 (    0,     0)
2026-06-30T07:32:57.881Z In(05) vmx SVGA3dCaps: host, at power on (3d disabled)
2026-06-30T07:32:57.881Z In(05) vmx   cap[ 19]: 0x00002000 (MAX_TEXTURE_WIDTH)
2026-06-30T07:32:57.881Z In(05) vmx   cap[ 20]: 0x00002000 (MAX_TEXTURE_HEIGHT)
2026-06-30T07:32:57.881Z In(05) vmx   cap[ 93]: 0x00000001 (TS_COLOR_KEY)
2026-06-30T07:32:57.883Z In(05) vmx SVGA3dClamp:     Host Provides     BC67Level:     0 (    0,     0)
2026-06-30T07:32:57.883Z In(05) vmx SVGA3dClamp:     Host Provides BaseCapsLevel:     0 (    0,     4)
2026-06-30T07:32:57.883Z In(05) vmx SVGA3dClamp:     Host Provides    ClampLevel:     0 (    0,     0)
2026-06-30T07:32:57.883Z In(05) vmx SVGA3dCaps: Disabling 3d support
2026-06-30T07:32:57.883Z In(05) vmx SVGA3dCaps: guest, compatibility level: 10
2026-06-30T07:32:57.883Z In(05) vmx   cap[ 19]: 0x00002000 (MAX_TEXTURE_WIDTH)
2026-06-30T07:32:57.883Z In(05) vmx   cap[ 20]: 0x00002000 (MAX_TEXTURE_HEIGHT)
2026-06-30T07:32:57.883Z In(05) vmx SVGA3dClamp:    Guest Requires     BC67Level:     0 (    0,     0)
2026-06-30T07:32:57.883Z In(05) vmx SVGA3dClamp:    Guest Requires BaseCapsLevel:     0 (    0,     0)
2026-06-30T07:32:57.883Z In(05) vmx SVGA3dClamp:    Guest Requires    ClampLevel:     0 (    0,     0)
2026-06-30T07:32:57.885Z In(05) vmx Ethernet0 MAC Address: 00:0c:29:71:e9:a9
2026-06-30T07:32:57.889Z No(00) vmx ConfigDB: Setting vmci0.id = "-344856151"
2026-06-30T07:32:57.905Z In(05) vmx WORKER: Creating new group with maxThreads=1 (22)
2026-06-30T07:32:57.905Z In(05) vmx DISKUTIL: (null) : max toolsVersion = 0, type = 0
2026-06-30T07:32:57.905Z In(05) vmx DISKUTIL: Offline toolsVersion = 0, type = 0
2026-06-30T07:32:57.905Z In(05) vmx TOOLS setting legacy tools version to '0' type 0, manifest status is 9
2026-06-30T07:32:57.907Z In(05) vmx ToolsISO: open of C:\Program Files (x86)\VMware\VMware Workstation\isoimages_manifest.txt.sig failed: Could not find the file
2026-06-30T07:32:57.907Z In(05) vmx ToolsISO: Unable to read signature file 'C:\Program Files (x86)\VMware\VMware Workstation\isoimages_manifest.txt.sig', ignoring.
2026-06-30T07:32:57.907Z In(05) vmx ToolsISO: Guest 'other-64' not found in Tools image map file 'C:\Program Files (x86)\VMware\VMware Workstation\isoimages_manifest.txt'
2026-06-30T07:32:57.907Z In(05) vmx ToolsISO: Updated cached value for imageName to '(null)'.
2026-06-30T07:32:57.907Z In(05) vmx GuestOS: GuestOS_GetToolsImageName: Failed to get Tools ISO image path.
2026-06-30T07:32:57.907Z In(05) vmx TOOLS updated cached value for isoImageExists to 0.
2026-06-30T07:32:57.907Z In(05) vmx VMXVmdb_SetToolsVersionStatus: status value set to 'notAvailable', 'noTools', install impossible
2026-06-30T07:32:57.909Z In(05) vmx ToolsISO: open of C:\Program Files (x86)\VMware\VMware Workstation\isoimages_manifest.txt.sig failed: Could not find the file
2026-06-30T07:32:57.909Z In(05) vmx ToolsISO: Unable to read signature file 'C:\Program Files (x86)\VMware\VMware Workstation\isoimages_manifest.txt.sig', ignoring.
2026-06-30T07:32:57.909Z In(05) vmx ToolsISO: Guest 'other-64' not found in Tools image map file 'C:\Program Files (x86)\VMware\VMware Workstation\isoimages_manifest.txt'
2026-06-30T07:32:57.909Z In(05) vmx ToolsISO: Updated cached value for imageName to '(null)'.
2026-06-30T07:32:57.909Z In(05) vmx GuestOS: GuestOS_GetToolsImageName: Failed to get Tools ISO image path.
2026-06-30T07:32:57.909Z In(05) vmx TOOLS updated cached value for isoImageExists to 0.
2026-06-30T07:32:57.909Z In(05) vmx VMXVmdb_SetToolsVersionStatus: status value set to 'notAvailable', 'noTools', install impossible
2026-06-30T07:32:57.909Z In(05) vmx Tools: sending 'OS_PowerOn' (state = 3) state change request
2026-06-30T07:32:57.909Z In(05) vmx Tools: Delaying state change request to state 3.
2026-06-30T07:32:57.911Z In(05) vmx TOOLS INSTALL initializing state to IDLE on power on.
2026-06-30T07:32:57.912Z In(05) vmx TOOLS INSTALL updating Rpc handlers registration.
2026-06-30T07:32:57.912Z In(05) vmx TOOLS INSTALL register RPC: upgrader.setGuestFileRoot
2026-06-30T07:32:57.912Z In(05) vmx TOOLS INSTALL register RPC: toolinstall.is_image_inserted
2026-06-30T07:32:57.912Z In(05) vmx TOOLS INSTALL register RPC: toolinstall.installerActive
2026-06-30T07:32:57.912Z In(05) vmx TOOLS INSTALL register RPC: guest.upgrader_send_cmd_line_args
2026-06-30T07:32:57.912Z In(05) vmx P9FS_PowerOn: 9PFS server is not enabled.
2026-06-30T07:32:57.914Z In(05) vmx HgfsServerManagerVigorInit: Initialize: dev api
2026-06-30T07:32:57.914Z In(05) vmx MKSBackdoor: Copy/paste enabled = 1
2026-06-30T07:32:57.916Z In(05) vmx pvnvram: SecureBootMode value: 0
2026-06-30T07:32:57.916Z In(05) vmx pvnvram: Transitioning to: SecureBootModeDisabled.
2026-06-30T07:32:57.916Z In(05) vmx DEPLOYPKG: No pending deploy package name set
2026-06-30T07:32:57.916Z In(05) vmx DEPLOYPKG: ToolsDeployPkgPublishState: state=0, code=0, message=(null)
2026-06-30T07:32:57.920Z No(00) vmx ConfigDB: Setting monitor.phys_bits_used = "45"
2026-06-30T07:32:57.920Z In(05) vmx Full guest CPUID with differences from hostCPUID highlighted.
2026-06-30T07:32:57.920Z In(05) vmx guest vs. host CPUID guest vendor: AuthenticAMD
2026-06-30T07:32:57.920Z In(05) vmx guest vs. host CPUID guest family: 0x17 model: 0x18 stepping: 0x1
2026-06-30T07:32:57.920Z In(05) vmx guest vs. host CPUID guest codename: Zen
2026-06-30T07:32:57.920Z In(05) vmx guest vs. host CPUID guest name: AMD Ryzen 3 3250U with Radeon Graphics         
2026-06-30T07:32:57.920Z In(05) vmx guest vs. host CPUID       level eaxIn, ecxIn:        eax        ebx        ecx        edx
2026-06-30T07:32:57.920Z In(05) vmx guest vs. host CPUID guest level 00000000,  0: 0x0000000d 0x68747541 0x444d4163 0x69746e65
2026-06-30T07:32:57.920Z In(05) vmx guest vs. host CPUID guest level 00000001,  0: 0x00810f81 0x00000800 0xf6f83203 0x078bfbff
2026-06-30T07:32:57.920Z In(05) vmx guest vs. host CPUID *host level 00000001,  0: 0x00810f81 0x00040800 0xfed8320b 0x178bfbff
2026-06-30T07:32:57.920Z In(05) vmx guest vs. host CPUID guest level 00000006,  0: 0x00000004 0x00000000 0x00000000 0x00000000
2026-06-30T07:32:57.920Z In(05) vmx guest vs. host CPUID *host level 00000006,  0: 0x00000000 0x00000000 0x00000001 0x00000000
2026-06-30T07:32:57.920Z In(05) vmx guest vs. host CPUID guest level 00000007,  0: 0x00000000 0x209c01a9 0x00000000 0x00000000
2026-06-30T07:32:57.920Z In(05) vmx guest vs. host CPUID guest level 0000000b,  0: 0x00000000 0x00000001 0x00000100 0x00000000
2026-06-30T07:32:57.920Z In(05) vmx guest vs. host CPUID *host level 0000000b,  0: 0x00000000 0x00000000 0x00000000 0x00000000
2026-06-30T07:32:57.920Z In(05) vmx guest vs. host CPUID guest level 0000000b,  1: 0x00000000 0x00000001 0x00000201 0x00000000
2026-06-30T07:32:57.920Z In(05) vmx guest vs. host CPUID guest level 0000000d,  0: 0x00000007 0x00000340 0x00000340 0x00000000
2026-06-30T07:32:57.920Z In(05) vmx guest vs. host CPUID guest level 0000000d,  1: 0x0000000f 0x00000340 0x00000000 0x00000000
2026-06-30T07:32:57.920Z In(05) vmx guest vs. host CPUID guest level 0000000d,  2: 0x00000100 0x00000240 0x00000000 0x00000000
2026-06-30T07:32:57.920Z In(05) vmx guest vs. host CPUID guest level 40000000,  0: 0x40000010 0x61774d56 0x4d566572 0x65726177
2026-06-30T07:32:57.920Z In(05) vmx guest vs. host CPUID *host level 40000000,  0: 0x4000000c 0x7263694d 0x666f736f 0x76482074
2026-06-30T07:32:57.920Z In(05) vmx guest vs. host CPUID guest level 40000010,  0: 0x002798eb 0x000101d0 0x00000001 0x00000000
2026-06-30T07:32:57.920Z In(05) vmx guest vs. host CPUID guest level 80000000,  0: 0x80000021 0x68747541 0x444d4163 0x69746e65
2026-06-30T07:32:57.920Z In(05) vmx guest vs. host CPUID guest level 80000001,  0: 0x00810f81 0x00000000 0x004002f1 0x2dd3fbff
2026-06-30T07:32:57.920Z In(05) vmx guest vs. host CPUID *host level 80000001,  0: 0x00810f81 0x00000000 0x20c023f3 0x2fd3fbff
2026-06-30T07:32:57.920Z In(05) vmx guest vs. host CPUID guest level 80000002,  0: 0x20444d41 0x657a7952 0x2033206e 0x30353233
2026-06-30T07:32:57.920Z In(05) vmx guest vs. host CPUID guest level 80000003,  0: 0x69772055 0x52206874 0x6f656461 0x7247206e
2026-06-30T07:32:57.920Z In(05) vmx guest vs. host CPUID guest level 80000004,  0: 0x69687061 0x20207363 0x20202020 0x00202020
2026-06-30T07:32:57.920Z In(05) vmx guest vs. host CPUID guest level 80000005,  0: 0xff40ff40 0xff40ff40 0x20080140 0x40040140
2026-06-30T07:32:57.920Z In(05) vmx guest vs. host CPUID guest level 80000006,  0: 0x26006400 0x66006400 0x02006140 0x00208140
2026-06-30T07:32:57.920Z In(05) vmx guest vs. host CPUID guest level 80000007,  0: 0x00000000 0x00000003 0x00000000 0x00000100
2026-06-30T07:32:57.920Z In(05) vmx guest vs. host CPUID *host level 80000007,  0: 0x00000000 0x0000001b 0x00000000 0x00006589
2026-06-30T07:32:57.920Z In(05) vmx guest vs. host CPUID guest level 80000008,  0: 0x0000302d 0x00001001 0x00000000 0x00000000
2026-06-30T07:32:57.920Z In(05) vmx guest vs. host CPUID *host level 80000008,  0: 0x00003030 0x02001005 0x00004003 0x00000000
2026-06-30T07:32:57.920Z In(05) vmx guest vs. host CPUID guest level 8000001a,  0: 0x00000003 0x00000000 0x00000000 0x00000000
2026-06-30T07:32:57.920Z In(05) vmx guest vs. host CPUID guest level 8000001d,  0: 0x00000121 0x01c0003f 0x0000003f 0x00000000
2026-06-30T07:32:57.920Z In(05) vmx guest vs. host CPUID *host level 8000001d,  0: 0x00004121 0x01c0003f 0x0000003f 0x00000000
2026-06-30T07:32:57.920Z In(05) vmx guest vs. host CPUID guest level 8000001d,  1: 0x00000122 0x00c0003f 0x000000ff 0x00000000
2026-06-30T07:32:57.920Z In(05) vmx guest vs. host CPUID *host level 8000001d,  1: 0x00004122 0x00c0003f 0x000000ff 0x00000000
2026-06-30T07:32:57.920Z In(05) vmx guest vs. host CPUID guest level 8000001d,  2: 0x00000143 0x01c0003f 0x000003ff 0x00000002
2026-06-30T07:32:57.920Z In(05) vmx guest vs. host CPUID *host level 8000001d,  2: 0x00004143 0x01c0003f 0x000003ff 0x00000002
2026-06-30T07:32:57.920Z In(05) vmx guest vs. host CPUID guest level 8000001d,  3: 0x00000163 0x03c0003f 0x00000fff 0x00000001
2026-06-30T07:32:57.920Z In(05) vmx guest vs. host CPUID *host level 8000001d,  3: 0x0000c163 0x03c0003f 0x00000fff 0x00000001
2026-06-30T07:32:57.920Z In(05) vmx guest vs. host CPUID guest level 8000001e,  0: 0x00000000 0x00000000 0x00000000 0x00000000
2026-06-30T07:32:57.920Z In(05) vmx guest vs. host CPUID *host level 8000001e,  0: 0x00000000 0x00000100 0x00000000 0x00000000
2026-06-30T07:32:57.920Z In(05) vmx guest vs. host CPUID guest level 80000021,  0: 0x00000000 0x00000000 0x00000000 0x00000000
2026-06-30T07:32:57.920Z In(05) vmx guest vs. host CPUID *host level 80000021,  0: 0x00000000 0x00000000 0x00000006 0x00000000
2026-06-30T07:32:57.920Z In(05) vmx Minimum ucode level: 0x00000000
2026-06-30T07:32:57.920Z In(05) vmx VPMC: events will use hybrid freeze.
2026-06-30T07:32:57.920Z In(05) vmx VPMC: gen counters: num 4 mask 0xffffffffffff
2026-06-30T07:32:57.920Z In(05) vmx VPMC: hardware counters: 0
2026-06-30T07:32:57.920Z In(05) vmx Guest MSR IA32_ARCH_CAPABILITIES 0x10a = 0x4
2026-06-30T07:32:57.920Z In(05) vmx SVGA-PCI: BAR gfbSize=134217728, fifoSize=8388608
2026-06-30T07:32:57.920Z In(05) vmx SVGA: SVGA_REG_MEMORY_SIZE=134217728
2026-06-30T07:32:57.920Z In(05) vmx SVGA: SVGA_REG_VRAM_SIZE=134217728
2026-06-30T07:32:57.920Z In(05) vmx SVGA: Final Device caps : 0xfdff83e2
2026-06-30T07:32:57.920Z In(05) vmx SVGA: Final Device caps2: 0x0005efff
2026-06-30T07:32:57.920Z In(05) vmx PStrIntern expansion: nBkts=256
2026-06-30T07:32:57.920Z In(05) vmx FeatureCompat: Capabilities:
2026-06-30T07:32:57.920Z In(05) vmx Capability Found: cpuid.sse3 = 1
2026-06-30T07:32:57.920Z In(05) vmx Capability Found: cpuid.pclmulqdq = 1
2026-06-30T07:32:57.920Z In(05) vmx Capability Found: cpuid.mwait = 1
2026-06-30T07:32:57.920Z In(05) vmx Capability Found: cpuid.ssse3 = 1
2026-06-30T07:32:57.920Z In(05) vmx Capability Found: cpuid.fma = 1
2026-06-30T07:32:57.920Z In(05) vmx Capability Found: cpuid.cmpxchg16b = 1
2026-06-30T07:32:57.920Z In(05) vmx Capability Found: cpuid.sse41 = 1
2026-06-30T07:32:57.920Z In(05) vmx Capability Found: cpuid.sse42 = 1
2026-06-30T07:32:57.920Z In(05) vmx Capability Found: cpuid.movbe = 1
2026-06-30T07:32:57.928Z In(05) vmx Capability Found: cpuid.popcnt = 1
2026-06-30T07:32:57.928Z In(05) vmx Capability Found: cpuid.aes = 1
2026-06-30T07:32:57.928Z In(05) vmx Capability Found: cpuid.xsave = 1
2026-06-30T07:32:57.928Z In(05) vmx Capability Found: cpuid.avx = 1
2026-06-30T07:32:57.928Z In(05) vmx Capability Found: cpuid.f16c = 1
2026-06-30T07:32:57.928Z In(05) vmx Capability Found: cpuid.rdrand = 1
2026-06-30T07:32:57.928Z In(05) vmx Capability Found: cpuid.fsgsbase = 1
2026-06-30T07:32:57.928Z In(05) vmx Capability Found: cpuid.bmi1 = 1
2026-06-30T07:32:57.928Z In(05) vmx Capability Found: cpuid.avx2 = 1
2026-06-30T07:32:57.928Z In(05) vmx Capability Found: cpuid.smep = 1
2026-06-30T07:32:57.928Z In(05) vmx Capability Found: cpuid.bmi2 = 1
2026-06-30T07:32:57.928Z In(05) vmx Capability Found: cpuid.rdseed = 1
2026-06-30T07:32:57.928Z In(05) vmx Capability Found: cpuid.adx = 1
2026-06-30T07:32:57.928Z In(05) vmx Capability Found: cpuid.smap = 1
2026-06-30T07:32:57.928Z In(05) vmx Capability Found: cpuid.clflushopt = 1
2026-06-30T07:32:57.928Z In(05) vmx Capability Found: cpuid.sha = 1
2026-06-30T07:32:57.928Z In(05) vmx Capability Found: cpuid.xcr0_master_sse = 1
2026-06-30T07:32:57.928Z In(05) vmx Capability Found: cpuid.xcr0_master_ymm_h = 1
2026-06-30T07:32:57.928Z In(05) vmx Capability Found: cpuid.xsaveopt = 1
2026-06-30T07:32:57.928Z In(05) vmx Capability Found: cpuid.xsavec = 1
2026-06-30T07:32:57.928Z In(05) vmx Capability Found: cpuid.xgetbv_ecx1 = 1
2026-06-30T07:32:57.928Z In(05) vmx Capability Found: cpuid.xsaves = 1
2026-06-30T07:32:57.928Z In(05) vmx Capability Found: cpuid.lahf64 = 1
2026-06-30T07:32:57.928Z In(05) vmx Capability Found: cpuid.cr8avail = 1
2026-06-30T07:32:57.928Z In(05) vmx Capability Found: cpuid.abm = 1
2026-06-30T07:32:57.928Z In(05) vmx Capability Found: cpuid.sse4a = 1
2026-06-30T07:32:57.928Z In(05) vmx Capability Found: cpuid.misaligned_sse = 1
2026-06-30T07:32:57.928Z In(05) vmx Capability Found: cpuid.nx = 1
2026-06-30T07:32:57.928Z In(05) vmx Capability Found: cpuid.mmxext = 1
2026-06-30T07:32:57.928Z In(05) vmx Capability Found: cpuid.pdpe1gb = 1
2026-06-30T07:32:57.928Z In(05) vmx Capability Found: cpuid.rdtscp = 1
2026-06-30T07:32:57.928Z In(05) vmx Capability Found: cpuid.lm = 1
2026-06-30T07:32:57.928Z In(05) vmx Capability Found: cpuid.clzero = 1
2026-06-30T07:32:57.928Z In(05) vmx Capability Found: cpuid.amd = 1
2026-06-30T07:32:57.928Z In(05) vmx Capability Found: cpuid.ibpb = 1
2026-06-30T07:32:57.928Z In(05) vmx Capability Found: misc.cpuidfaulting = 1
2026-06-30T07:32:57.928Z In(05) vmx FeatureCompat: Requirements:
2026-06-30T07:32:57.928Z In(05) vmx VM Features Required: cpuid.sse3 - Bool:Min:1
2026-06-30T07:32:57.928Z In(05) vmx VM Features Required: cpuid.pclmulqdq - Bool:Min:1
2026-06-30T07:32:57.928Z In(05) vmx VM Features Required: cpuid.ssse3 - Bool:Min:1
2026-06-30T07:32:57.928Z In(05) vmx VM Features Required: cpuid.fma - Bool:Min:1
2026-06-30T07:32:57.928Z In(05) vmx VM Features Required: cpuid.cmpxchg16b - Bool:Min:1
2026-06-30T07:32:57.928Z In(05) vmx VM Features Required: cpuid.sse41 - Bool:Min:1
2026-06-30T07:32:57.928Z In(05) vmx VM Features Required: cpuid.sse42 - Bool:Min:1
2026-06-30T07:32:57.928Z In(05) vmx VM Features Required: cpuid.movbe - Bool:Min:1
2026-06-30T07:32:57.928Z In(05) vmx VM Features Required: cpuid.popcnt - Bool:Min:1
2026-06-30T07:32:57.928Z In(05) vmx VM Features Required: cpuid.aes - Bool:Min:1
2026-06-30T07:32:57.928Z In(05) vmx VM Features Required: cpuid.xsave - Bool:Min:1
2026-06-30T07:32:57.928Z In(05) vmx VM Features Required: cpuid.avx - Bool:Min:1
2026-06-30T07:32:57.928Z In(05) vmx VM Features Required: cpuid.f16c - Bool:Min:1
2026-06-30T07:32:57.928Z In(05) vmx VM Features Required: cpuid.rdrand - Bool:Min:1
2026-06-30T07:32:57.928Z In(05) vmx VM Features Required: cpuid.fsgsbase - Bool:Min:1
2026-06-30T07:32:57.928Z In(05) vmx VM Features Required: cpuid.bmi1 - Bool:Min:1
2026-06-30T07:32:57.930Z In(05) vmx VM Features Required: cpuid.avx2 - Bool:Min:1
2026-06-30T07:32:57.930Z In(05) vmx VM Features Required: cpuid.smep - Bool:Min:1
2026-06-30T07:32:57.930Z In(05) vmx VM Features Required: cpuid.bmi2 - Bool:Min:1
2026-06-30T07:32:57.930Z In(05) vmx VM Features Required: cpuid.rdseed - Bool:Min:1
2026-06-30T07:32:57.930Z In(05) vmx VM Features Required: cpuid.adx - Bool:Min:1
2026-06-30T07:32:57.930Z In(05) vmx VM Features Required: cpuid.smap - Bool:Min:1
2026-06-30T07:32:57.930Z In(05) vmx VM Features Required: cpuid.clflushopt - Bool:Min:1
2026-06-30T07:32:57.930Z In(05) vmx VM Features Required: cpuid.sha - Bool:Min:1
2026-06-30T07:32:57.930Z In(05) vmx VM Features Required: cpuid.xcr0_master_sse - Bool:Min:1
2026-06-30T07:32:57.930Z In(05) vmx VM Features Required: cpuid.xcr0_master_ymm_h - Bool:Min:1
2026-06-30T07:32:57.930Z In(05) vmx VM Features Required: cpuid.xsaveopt - Bool:Min:1
2026-06-30T07:32:57.930Z In(05) vmx VM Features Required: cpuid.xsavec - Bool:Min:1
2026-06-30T07:32:57.930Z In(05) vmx VM Features Required: cpuid.xgetbv_ecx1 - Bool:Min:1
2026-06-30T07:32:57.930Z In(05) vmx VM Features Required: cpuid.xsaves - Bool:Min:1
2026-06-30T07:32:57.930Z In(05) vmx VM Features Required: cpuid.lahf64 - Bool:Min:1
2026-06-30T07:32:57.930Z In(05) vmx VM Features Required: cpuid.cr8avail - Bool:Min:1
2026-06-30T07:32:57.930Z In(05) vmx VM Features Required: cpuid.abm - Bool:Min:1
2026-06-30T07:32:57.930Z In(05) vmx VM Features Required: cpuid.sse4a - Bool:Min:1
2026-06-30T07:32:57.930Z In(05) vmx VM Features Required: cpuid.misaligned_sse - Bool:Min:1
2026-06-30T07:32:57.930Z In(05) vmx VM Features Required: cpuid.nx - Bool:Min:1
2026-06-30T07:32:57.930Z In(05) vmx VM Features Required: cpuid.mmxext - Bool:Min:1
2026-06-30T07:32:57.930Z In(05) vmx VM Features Required: cpuid.pdpe1gb - Bool:Min:1
2026-06-30T07:32:57.930Z In(05) vmx VM Features Required: cpuid.rdtscp - Bool:Min:1
2026-06-30T07:32:57.930Z In(05) vmx VM Features Required: cpuid.lm - Bool:Min:1
2026-06-30T07:32:57.930Z In(05) vmx VM Features Required: cpuid.clzero - Bool:Min:1
2026-06-30T07:32:57.930Z In(05) vmx VM Features Required: cpuid.amd - Bool:Min:1
2026-06-30T07:32:57.930Z In(05) vmx VM Features Required: cpuid.ibpb - Bool:Min:1
2026-06-30T07:32:58.016Z In(05) vmx TOOLS received request in VMX to set option 'enableDnD' -> '1'
2026-06-30T07:32:58.018Z In(05) vmx 
2026-06-30T07:32:58.018Z In(05)+ vmx OvhdMem: Static (Power On) Overheads
2026-06-30T07:32:58.018Z In(05) vmx                                                       reserved      |          used
2026-06-30T07:32:58.018Z In(05) vmx OvhdMem excluded                                  cur    max    avg |    cur    max    avg
2026-06-30T07:32:58.018Z In(05) vmx OvhdMem OvhdUser_MainMem                    :  524288 524288      - |      0      0      -
2026-06-30T07:32:58.018Z In(05) vmx OvhdMem OvhdUser_VmxText                    :    7936   7936      - |      0      0      -
2026-06-30T07:32:58.018Z In(05) vmx OvhdMem OvhdUser_VmxTextLibs                :   17408  17408      - |      0      0      -
2026-06-30T07:32:58.018Z In(05) vmx OvhdMem Total excluded                      :  549632 549632      - |      -      -      -
2026-06-30T07:32:58.018Z In(05) vmx OvhdMem Actual maximum                      :         549632        |             -
2026-06-30T07:32:58.018Z In(05)+ vmx 
2026-06-30T07:32:58.018Z In(05) vmx                                                       reserved      |          used
2026-06-30T07:32:58.018Z In(05) vmx OvhdMem paged                                     cur    max    avg |    cur    max    avg
2026-06-30T07:32:58.018Z In(05) vmx OvhdMem OvhdUser_STATS_vmm                  :       4      4      - |      0      0      -
2026-06-30T07:32:58.018Z In(05) vmx OvhdMem OvhdUser_STATS_device               :       2      2      - |      0      0      -
2026-06-30T07:32:58.018Z In(05) vmx OvhdMem OvhdUser_SvgaMobFallback            :  196608 196608      - |      0      0      -
2026-06-30T07:32:58.018Z In(05) vmx OvhdMem OvhdUser_DiskLibMemUsed             :    3075   3075      - |      0      0      -
2026-06-30T07:32:58.018Z In(05) vmx OvhdMem OvhdUser_SvgaSurfaceTable           :       6      6      - |      0      0      -
2026-06-30T07:32:58.018Z In(05) vmx OvhdMem OvhdUser_SvgaSDirtyCache            :      96     96      - |      0      0      -
2026-06-30T07:32:58.018Z In(05) vmx OvhdMem OvhdUser_SvgaCursor                 :      10     10      - |     10     10      -
2026-06-30T07:32:58.018Z In(05) vmx OvhdMem OvhdUser_SvgaPPNList                :     258    258      - |      0      0      -
2026-06-30T07:32:58.018Z In(05) vmx OvhdMem OvhdUser_VmxGlobals                 :   10240  10240      - |      0      0      -
2026-06-30T07:32:58.018Z In(05) vmx OvhdMem OvhdUser_VmxGlobalsLibs             :    3584   3584      - |      0      0      -
2026-06-30T07:32:58.020Z In(05) vmx OvhdMem OvhdUser_VmxHeap                    :    8704   8704      - |      0      0      -
2026-06-30T07:32:58.020Z In(05) vmx OvhdMem OvhdUser_VmxMks                     :      49     49      - |      0      0      -
2026-06-30T07:32:58.020Z In(05) vmx OvhdMem OvhdUser_VmxMksRenderOps            :     678    678      - |    492    492      -
2026-06-30T07:32:58.020Z In(05) vmx OvhdMem OvhdUser_VmxMks3d                   :   65537  65537      - |      0      0      -
2026-06-30T07:32:58.020Z In(05) vmx OvhdMem OvhdUser_VmxMksScreenTemp           :   69890  69890      - |      0      0      -
2026-06-30T07:32:58.020Z In(05) vmx OvhdMem OvhdUser_VmxMksVnc                  :   74936  74936      - |      0      0      -
2026-06-30T07:32:58.020Z In(05) vmx OvhdMem OvhdUser_VmxMksScreen               :  131075 131075      - |      0      0      -
2026-06-30T07:32:58.020Z In(05) vmx OvhdMem OvhdUser_VmxMksSVGAVO               :    4096   4096      - |      0      0      -
2026-06-30T07:32:58.020Z In(05) vmx OvhdMem OvhdUser_VmxMksSwbCursor            :    4096   4096      - |      0      0      -
2026-06-30T07:32:58.020Z In(05) vmx OvhdMem OvhdUser_VmxPhysMemErrPages         :      10     10      - |      0      0      -
2026-06-30T07:32:58.020Z In(05) vmx OvhdMem OvhdUser_VmxSLEntryBuf              :     128    128      - |      0      0      -
2026-06-30T07:32:58.020Z In(05) vmx OvhdMem OvhdUser_VmxThreads                 :   35840  35840      - |      0      0      -
2026-06-30T07:32:58.020Z In(05) vmx OvhdMem Total paged                         :  608922 608922      - |    502    502      -
2026-06-30T07:32:58.020Z In(05) vmx OvhdMem Actual maximum                      :         608922        |        608922
2026-06-30T07:32:58.020Z In(05)+ vmx 
2026-06-30T07:32:58.020Z In(05) vmx                                                       reserved      |          used
2026-06-30T07:32:58.020Z In(05) vmx OvhdMem nonpaged                                  cur    max    avg |    cur    max    avg
2026-06-30T07:32:58.020Z In(05) vmx OvhdMem OvhdUser_SharedArea                 :       8      8      - |      0      0      -
2026-06-30T07:32:58.020Z In(05) vmx OvhdMem OvhdUser_BusMemTraceBitmap          :      22     22      - |      0      0      -
2026-06-30T07:32:58.020Z In(05) vmx OvhdMem OvhdUser_PFrame                     :       0   2304      - |      0      0      -
2026-06-30T07:32:58.020Z In(05) vmx OvhdMem OvhdUser_BusMemFrame                :     657   1760      - |      0      0      -
2026-06-30T07:32:58.020Z In(05) vmx OvhdMem OvhdUser_VIDE_KSEG                  :      16     16      - |      0      0      -
2026-06-30T07:32:58.020Z In(05) vmx OvhdMem OvhdUser_VGA                        :      64     64      - |      0      0      -
2026-06-30T07:32:58.020Z In(05) vmx OvhdMem OvhdUser_BalloonMPN                 :       1      1      - |      0      0      -
2026-06-30T07:32:58.020Z In(05) vmx OvhdMem OvhdUser_P2MUpdateBuffer            :       3      3      - |      0      0      -
2026-06-30T07:32:58.020Z In(05) vmx OvhdMem OvhdUser_ServicesMPN                :       3      3      - |      0      0      -
2026-06-30T07:32:58.020Z In(05) vmx OvhdMem OvhdUser_LocalApic                  :       2      2      - |      0      0      -
2026-06-30T07:32:58.020Z In(05) vmx OvhdMem OvhdUser_VBIOS                      :       8      8      - |      0      0      -
2026-06-30T07:32:58.020Z In(05) vmx OvhdMem OvhdUser_SBIOS                      :      16     16      - |      0      0      -
2026-06-30T07:32:58.020Z In(05) vmx OvhdMem OvhdUser_FlashRam                   :    4096   4096      - |      0      0      -
2026-06-30T07:32:58.020Z In(05) vmx OvhdMem OvhdUser_SVGAFB                     :   32768  32768      - |      0      0      -
2026-06-30T07:32:58.020Z In(05) vmx OvhdMem OvhdUser_SVGAMEM                    :      64    512      - |      0      0      -
2026-06-30T07:32:58.020Z In(05) vmx OvhdMem OvhdUser_HDAudioReg                 :       3      3      - |      0      0      -
2026-06-30T07:32:58.020Z In(05) vmx OvhdMem OvhdUser_EHCIRegister               :       1      1      - |      0      0      -
2026-06-30T07:32:58.020Z In(05) vmx OvhdMem OvhdUser_XhciRegister               :       1      1      - |      0      0      -
2026-06-30T07:32:58.020Z In(05) vmx OvhdMem OvhdUser_HyperV                     :       2      2      - |      0      0      -
2026-06-30T07:32:58.020Z In(05) vmx OvhdMem OvhdUser_ExtCfg                     :       4      4      - |      0      0      -
2026-06-30T07:32:58.020Z In(05) vmx OvhdMem OvhdUser_vhvCachedVMCS              :       2      2      - |      0      0      -
2026-06-30T07:32:58.020Z In(05) vmx OvhdMem OvhdUser_vhvNestedAPIC              :       2      2      - |      0      0      -
2026-06-30T07:32:58.020Z In(05) vmx OvhdMem OvhdUser_LBR                        :       2      2      - |      0      0      -
2026-06-30T07:32:58.020Z In(05) vmx OvhdMem OvhdUser_MonWired                   :      53     53      - |      0      0      -
2026-06-30T07:32:58.020Z In(05) vmx OvhdMem OvhdUser_NVDC                       :       1      1      - |      0      0      -
2026-06-30T07:32:58.020Z In(05) vmx OvhdMem OvhdUser_PCIeMMIOArea               :      70     70      - |      0      0      -
2026-06-30T07:32:58.020Z In(05) vmx OvhdMem Total nonpaged                      :   37869  41724      - |      0      0      -
2026-06-30T07:32:58.020Z In(05) vmx OvhdMem Actual maximum                      :          37869        |         41724
2026-06-30T07:32:58.020Z In(05)+ vmx 
2026-06-30T07:32:58.020Z In(05) vmx                                                       reserved      |          used
2026-06-30T07:32:58.020Z In(05) vmx OvhdMem anonymous                                 cur    max    avg |    cur    max    avg
2026-06-30T07:32:58.022Z In(05) vmx OvhdMem OvhdMon_Alloc                       :     196    196      - |      0      0      -
2026-06-30T07:32:58.022Z In(05) vmx OvhdMem OvhdMon_BusMemFrame                 :     609    666      - |      0      0      -
2026-06-30T07:32:58.022Z In(05) vmx OvhdMem OvhdMon_BusMem2MInfo                :       8      8      - |      0      0      -
2026-06-30T07:32:58.022Z In(05) vmx OvhdMem OvhdMon_BusMem1GInfo                :       1      1      - |      0      0      -
2026-06-30T07:32:58.022Z In(05) vmx OvhdMem OvhdMon_BusMemZapListMPN            :       1      1      - |      0      0      -
2026-06-30T07:32:58.022Z In(05) vmx OvhdMem OvhdMon_BusMemPreval                :       8      8      - |      0      0      -
2026-06-30T07:32:58.022Z In(05) vmx OvhdMem OvhdMon_MonAS                       :       2      2      - |      0      0      -
2026-06-30T07:32:58.022Z In(05) vmx OvhdMem OvhdMon_GuestMem                    :      80     80      - |      0      0      -
2026-06-30T07:32:58.022Z In(05) vmx OvhdMem OvhdMon_TC                          :    1026   1026      - |      0      0      -
2026-06-30T07:32:58.022Z In(05) vmx OvhdMem OvhdMon_BusMemMonAS                 :       5      5      - |      0      0      -
2026-06-30T07:32:58.022Z In(05) vmx OvhdMem OvhdMon_PlatformMonAS               :       7      7      - |      0      0      -
2026-06-30T07:32:58.022Z In(05) vmx OvhdMem OvhdMon_HVNuma                      :       4      4      - |      0      0      -
2026-06-30T07:32:58.022Z In(05) vmx OvhdMem OvhdMon_HV                          :       6      6      - |      0      0      -
2026-06-30T07:32:58.022Z In(05) vmx OvhdMem OvhdMon_HVMSRBitmap                 :       2      2      - |      0      0      -
2026-06-30T07:32:58.022Z In(05) vmx OvhdMem OvhdMon_VHVGuestMSRBitmap           :       4      4      - |      0      0      -
2026-06-30T07:32:58.022Z In(05) vmx OvhdMem OvhdMon_VHV                         :       6      6      - |      0      0      -
2026-06-30T07:32:58.022Z In(05) vmx OvhdMem OvhdMon_SVMIDT                      :       2      2      - |      0      0      -
2026-06-30T07:32:58.022Z In(05) vmx OvhdMem OvhdMon_Numa                        :      30     30      - |      0      0      -
2026-06-30T07:32:58.022Z In(05) vmx OvhdMem OvhdMon_BaseWired                   :      58     58      - |      0      0      -
2026-06-30T07:32:58.022Z In(05) vmx OvhdMem OvhdMon_Bootstrap                   :    2300   2300      - |      0      0      -
2026-06-30T07:32:58.022Z In(05) vmx OvhdMem OvhdMon_GPhysHWMMU                  :    1344   1344      - |      0      0      -
2026-06-30T07:32:58.022Z In(05) vmx OvhdMem OvhdMon_GPhysNoTrace                :     266    266      - |      0      0      -
2026-06-30T07:32:58.022Z In(05) vmx OvhdMem OvhdMon_PhysMemGart                 :     104    104      - |      0      0      -
2026-06-30T07:32:58.022Z In(05) vmx OvhdMem OvhdMon_PhysMemErr                  :       7      7      - |      0      0      -
2026-06-30T07:32:58.022Z In(05) vmx OvhdMem OvhdMon_VProbe                      :       1      1      - |      0      0      -
2026-06-30T07:32:58.022Z In(05) vmx OvhdMem Total anonymous                     :    6077   6134      - |      0      0      -
2026-06-30T07:32:58.022Z In(05) vmx OvhdMem Actual maximum                      :           6077        |          6134
2026-06-30T07:32:58.022Z In(05)+ vmx 
2026-06-30T07:32:58.022Z In(05) vmx VMMEM: Precise Reservation: 2550MB (MainMem=2048MB)
2026-06-30T07:32:58.024Z In(05) vmx Vix: [mainDispatch.c:1059]: VMAutomation_PowerOn. Powering on.
2026-06-30T07:32:58.024Z No(00) vmx PowerOnTiming: ALL took 2566524 us
2026-06-30T07:32:58.024Z In(05) vmx VMX_PowerOn: ModuleTable_PowerOn = 1
2026-06-30T07:32:58.026Z No(00) vmx ConfigDB: Setting cleanShutdown = "FALSE"
2026-06-30T07:32:58.026Z No(00) vmx ConfigDB: Setting softPowerOff = "FALSE"
2026-06-30T07:32:58.040Z In(05) vcpu-0 VTHREAD 5772 "vcpu-0"
2026-06-30T07:32:58.040Z In(05) vcpu-0 CPU reset: hard (mode Emulation)
2026-06-30T07:32:58.040Z In(05) vcpu-1 VTHREAD 2044 "vcpu-1"
2026-06-30T07:32:58.040Z In(05) vcpu-1 CPU reset: hard (mode Emulation)
2026-06-30T07:32:58.053Z In(05) svga MKSThread: SVGA thread is entering the main loop
2026-06-30T07:32:58.053Z In(05) vcpu-0 GuestRpc: Successfully created RPCI listening socket.
2026-06-30T07:32:58.053Z In(05) vcpu-0 GuestRpc: Using vsocket for TCLO messaging is disabled.
2026-06-30T07:32:58.055Z In(05) vcpu-0 memoryHotplug: Node 0: Present: 2047 MB (100 %) Size:2047 MB (100 %)
2026-06-30T07:32:58.055Z In(05) vcpu-0 PIIX4: PM Resuming from suspend type 0x0, chipset.onlineStandby 0
2026-06-30T07:32:58.446Z In(05) vcpu-0 SOUND 429.117065 ES1371Win32GetMixerCtl mixerGetLineInfo error 1024
2026-06-30T07:32:58.448Z In(05) vcpu-0 VNET: MACVNetConnectToNetwork 'Ethernet0' notify available.
2026-06-30T07:32:58.448Z In(05) vcpu-0 CDROM: Connecting ide1:0 to 'Slura1_NAVERTA_build29062617.iso'. type=2 remote=0
2026-06-30T07:32:58.448Z In(05) vcpu-0 DMG_Open: Not an unencrypted .dmg file (footer signature 0x00000000).
2026-06-30T07:32:58.448Z In(05) vcpu-0 DMG_Close: max cached entries 8
2026-06-30T07:32:58.448Z In(05) vcpu-0 CDROM: Checking initial physical media state...
2026-06-30T07:32:58.448Z In(05) vcpu-0 CDROM:  initial physical CDROM state is 1 (sense)
2026-06-30T07:32:58.458Z In(05) vcpu-0 HGFSPublish: publishing 0 shares
2026-06-30T07:32:58.460Z No(00) vcpu-0 ConfigDB: Unsetting "sensor.accelerometer"
2026-06-30T07:32:58.460Z No(00) vcpu-0 ConfigDB: Unsetting "sensor.ambientLight"
2026-06-30T07:32:58.460Z No(00) vcpu-0 ConfigDB: Unsetting "sensor.compass"
2026-06-30T07:32:58.460Z No(00) vcpu-0 ConfigDB: Unsetting "sensor.gyrometer"
2026-06-30T07:32:58.460Z No(00) vcpu-0 ConfigDB: Unsetting "sensor.inclinometer"
2026-06-30T07:32:58.460Z No(00) vcpu-0 ConfigDB: Unsetting "sensor.orientation"
2026-06-30T07:32:58.464Z In(05) vcpu-0 Win32U_GetFileAttributes: GetFileAttributesExW("D:\Downloads\Vyft_product\Slura\VyftUEFI.vmpl", ...) failed, error: 2
2026-06-30T07:32:58.464Z In(05) vcpu-0 PolicyVMXFindPolicyKey: policy file does not exist.
2026-06-30T07:32:58.468Z In(05) vcpu-0 DEVSWAP: GuestOS does not require LSI adapter swap.
2026-06-30T07:32:58.470Z No(00) vcpu-0 Metrics lastUpdate (s): 1174429
2026-06-30T07:32:58.470Z In(05) vcpu-0 Vix: [mainDispatch.c:4213]: VMAutomation_ReportPowerOpFinished: statevar=0, newAppState=1872, success=1 additionalError=0
2026-06-30T07:32:58.470Z In(05) vcpu-0 Vix: [mainDispatch.c:4130]: VMAutomationReportPowerStateChange: Reporting power state change (opcode=0, err=0).
2026-06-30T07:32:58.470Z In(05) vcpu-0 Vix: [mainDispatch.c:4130]: VMAutomationReportPowerStateChange: Reporting power state change (opcode=2, err=0).
2026-06-30T07:32:58.470Z In(05) vcpu-0 Transitioned vmx/execState/val to poweredOn
2026-06-30T07:32:58.470Z In(05) vcpu-0 Tools: Adding Tools inactivity timer.
2026-06-30T07:32:58.642Z In(05) mks MKSControlMgr: connected
2026-06-30T07:32:58.824Z In(05) vcpu-0 Guest: EFI ROM version: VMW201.00V.24006586.B64.2406042154 (64-bit RELEASE)
2026-06-30T07:32:58.836Z In(05) mks SWBWindow: Number of MKSWindows changed: 1 rendering MKSWindow(s) of total 1.
2026-06-30T07:32:58.836Z In(05) mks SWBWindow: Window 0 Defined: src screenId=-1, src xywh(0, 0, 1024, 768) dest xywh(0, 0, 1024, 768) pixelScale=1, flags=0x7
2026-06-30T07:32:58.836Z In(05) mks MKS-HWinMux: Backend Switch Queued
2026-06-30T07:32:58.838Z In(05) mks SWBWindow: Number of MKSWindows changed: 1 rendering MKSWindow(s) of total 2.
2026-06-30T07:32:58.838Z In(05) mks SWBWindow: Window 1 Defined: src screenId=-1, src xywh(0, 0, 1024, 768) dest xywh(0, 0, 1024, 768) pixelScale=1, flags=0x8
2026-06-30T07:32:58.838Z In(05) mks MKS-HWinMux: Backend Switch Queued
2026-06-30T07:32:58.839Z In(05) mks SWBWindow: Window #0 validation failed: no valid host window or host surface.
2026-06-30T07:32:58.839Z In(05) mks SWBVmdb: Destroy SWB Window Id #0 because an invalid MKSWindow definition is received from UI over VMDB.
2026-06-30T07:32:58.839Z In(05) mks SWBWindow: Window 0 Destroyed: src screenId=-1, src xywh(0, 0, 1024, 768) dest xywh(0, 0, 1024, 768) pixelScale=1, flags=0x7
2026-06-30T07:32:58.839Z In(05) mks SWBWindow: Number of MKSWindows changed: 0 rendering MKSWindow(s) of total 1.
2026-06-30T07:32:58.841Z In(05) mks MKS-VMDB: VMDB requested a screenshot
2026-06-30T07:32:58.841Z In(05) mks GDI-Backend: successfully started by HWinMux to do window composition.
2026-06-30T07:32:58.845Z In(05) mks MKS-HWinMux: Started GDI presentation backend.
2026-06-30T07:32:58.847Z In(05) svga MKSScreenShotMgr: Taking a screenshot
2026-06-30T07:32:58.847Z In(05) svga SWBScreen: Screen 0 Defined: xywh(0, 0, 640, 480) flags=0x3
2026-06-30T07:32:58.849Z In(05) mks KHBKL: Unable to parse keystring at: ''
2026-06-30T07:32:59.050Z In(05) mks SWBWindow: Window #0 validation failed: no valid host window or host surface.
2026-06-30T07:32:59.062Z In(05) mks SWBWindow: Number of MKSWindows changed: 1 rendering MKSWindow(s) of total 2.
2026-06-30T07:32:59.062Z In(05) mks SWBWindow: Window 0 Defined: src screenId=-1, src xywh(0, 0, 640, 480) dest xywh(0, 0, 640, 480) pixelScale=1, flags=0x7
2026-06-30T07:32:59.085Z In(05) vcpu-0 Syncing WHP TSCs took 89 us. Threshold is 1000 us.
2026-06-30T07:32:59.265Z In(05) vcpu-0 Tools: Running status rpc handler: 0 => 1.
2026-06-30T07:32:59.265Z In(05) vcpu-0 Tools: Changing running status: 0 => 1.
2026-06-30T07:32:59.265Z In(05) vcpu-0 Tools: [RunningStatus] Last heartbeat value 1 (last received 0s ago)
2026-06-30T07:32:59.265Z In(05) vcpu-0 Tools: Removing Tools inactivity timer.
2026-06-30T07:32:59.480Z In(05) vcpu-0 pvnvram: SecureBootMode value: 0
2026-06-30T07:32:59.480Z In(05) vcpu-0 pvnvram: Transitioning to: SecureBootModeDisabled.
2026-06-30T07:32:59.727Z In(05) vcpu-0 BIOS-UUID is 56 4d fd 01 55 33 7d 75-65 a6 f4 cb eb 71 e9 a9
2026-06-30T07:33:00.124Z In(05) vcpu-0 SVGA: Registering MemSpace at 0xf0000000(0) and 0xfb800000(0)
2026-06-30T07:33:00.124Z In(05) vcpu-0 SVGA: FIFO is already mapped
2026-06-30T07:33:00.124Z In(05) vcpu-0 SVGA: Unregistering MemSpace at 0xf0000000(0xf0000000) and 0xfb800000(0xfb800000)
2026-06-30T07:33:00.124Z In(05) vcpu-0 SVGA: FIFO is already mapped
2026-06-30T07:33:00.153Z In(05) vcpu-0 SVGA: Registering IOSpace at 0x2040
2026-06-30T07:33:00.153Z In(05) vcpu-0 SVGA: Unregistering IOSpace at 0x2040
2026-06-30T07:33:00.191Z In(05) vcpu-0 SVGA: Registering IOSpace at 0x2040
2026-06-30T07:33:00.191Z In(05) vcpu-0 SVGA: Registering MemSpace at 0xf0000000(0xf0000000) and 0xfb800000(0xfb800000)
2026-06-30T07:33:00.191Z In(05) vcpu-0 SVGA: FIFO is already mapped
2026-06-30T07:33:00.191Z In(05) vcpu-0 SVGA: FIFO is already mapped
2026-06-30T07:33:00.199Z In(05) svga SVGA enabling SVGA
2026-06-30T07:33:00.199Z In(05) svga SWBScreen: Screen 0 Destroyed: xywh(0, 0, 640, 480) flags=0x3
2026-06-30T07:33:00.426Z In(05) svga SVGA-ScreenMgr: Screen type changed to RegisterMode
2026-06-30T07:33:00.426Z In(05) svga SWBScreen: Screen 1 Defined: xywh(0, 0, 1024, 768) flags=0x2
2026-06-30T07:33:00.944Z In(05) vcpu-0 VIDE: Curr CHS info cyls: 17475 heads: 15 sects: 63 lba_cap: 20971520
2026-06-30T07:33:01.279Z In(05) vcpu-0 Guest: Status upon boot failure: No Media
2026-06-30T07:33:01.429Z In(05) vcpu-0 Guest: Status upon boot failure: No Media
2026-06-30T07:33:22.265Z In(05) vcpu-0 Tools: Tools heartbeat timeout.
2026-06-30T07:33:22.265Z In(05) vcpu-0 Tools: Running status rpc handler: 1 => 0.
2026-06-30T07:33:22.265Z In(05) vcpu-0 Tools: Changing running status: 1 => 0.
2026-06-30T07:33:22.265Z In(05) vcpu-0 Tools: [RunningStatus] Last heartbeat value 3 (last received 20s ago)
2026-06-30T07:33:22.265Z In(05) vcpu-0 TOOLS hostVerifiedSamlToken capability set to FALSE.
2026-06-30T07:33:46.549Z Wa(03) vmx VMX: attempted to do a soft halt while not in the correct state. Ignored...
2026-06-30T07:33:46.549Z In(05) vmx Vix: [vmxCommands.c:535]: VMAutomation_InitiatePowerOff. Tried to soft halt. Success = 0
2026-06-30T07:33:46.549Z Wa(03) vmx VMAutomation: Unable to do soft power off.
2026-06-30T07:33:46.549Z In(05) vmx Vix: [vmxCommands.c:557]: VMAutomation_InitiatePowerOff. Trying hard powerOff
2026-06-30T07:33:46.549Z In(05) vmx Stopping VCPU threads...
2026-06-30T07:33:46.551Z In(05) vmx Stopping MKS/SVGA threads
2026-06-30T07:33:46.551Z In(05) vmx MKSThread: Requesting MKS exit
2026-06-30T07:33:46.551Z In(05) svga MKSThread: SVGA thread is exiting the main loop
2026-06-30T07:33:46.551Z In(05) svga SWBScreen: Screen 1 Destroyed: xywh(0, 0, 1024, 768) flags=0x2
2026-06-30T07:33:46.551Z In(05) mks SWBWindow: Window 0 Destroyed: src screenId=-1, src xywh(0, 0, 1024, 768) dest xywh(0, 0, 1024, 768) pixelScale=1, flags=0x7
2026-06-30T07:33:46.551Z In(05) mks SWBWindow: Number of MKSWindows changed: 0 rendering MKSWindow(s) of total 1.
2026-06-30T07:33:46.551Z In(05) mks SWBWindow: Window 1 Destroyed: src screenId=-1, src xywh(0, 0, 1024, 768) dest xywh(0, 0, 1024, 768) pixelScale=1, flags=0x8
2026-06-30T07:33:46.551Z In(05) mks MKS-HWinMux: Backend Switch Queued
2026-06-30T07:33:46.555Z In(05) mks SWBWindow: Number of MKSWindows changed: 0 rendering MKSWindow(s) of total 0.
2026-06-30T07:33:46.560Z In(05) vmx MKS/SVGA threads are stopped
2026-06-30T07:33:46.564Z In(05) vmx 
2026-06-30T07:33:46.564Z In(05)+ vmx OvhdMem: Final (Power Off) Overheads
2026-06-30T07:33:46.564Z In(05) vmx                                                       reserved      |          used
2026-06-30T07:33:46.564Z In(05) vmx OvhdMem excluded                                  cur    max    avg |    cur    max    avg
2026-06-30T07:33:46.564Z In(05) vmx OvhdMem OvhdUser_MainMem                    :  524288 524288      - |      0      0      -
2026-06-30T07:33:46.564Z In(05) vmx OvhdMem OvhdUser_VmxText                    :    7936   7936      - |      0      0      -
2026-06-30T07:33:46.564Z In(05) vmx OvhdMem OvhdUser_VmxTextLibs                :   17408  17408      - |      0      0      -
2026-06-30T07:33:46.564Z In(05) vmx OvhdMem Total excluded                      :  549632 549632      - |      -      -      -
2026-06-30T07:33:46.564Z In(05) vmx OvhdMem Actual maximum                      :         549632        |             -
2026-06-30T07:33:46.564Z In(05)+ vmx 
2026-06-30T07:33:46.564Z In(05) vmx                                                       reserved      |          used
2026-06-30T07:33:46.564Z In(05) vmx OvhdMem paged                                     cur    max    avg |    cur    max    avg
2026-06-30T07:33:46.564Z In(05) vmx OvhdMem OvhdUser_STATS_vmm                  :       4      4      - |      0      0      -
2026-06-30T07:33:46.564Z In(05) vmx OvhdMem OvhdUser_STATS_device               :       2      2      - |      0      0      -
2026-06-30T07:33:46.564Z In(05) vmx OvhdMem OvhdUser_SvgaMobFallback            :  196608 196608      - |      0      0      -
2026-06-30T07:33:46.564Z In(05) vmx OvhdMem OvhdUser_DiskLibMemUsed             :    3075   3075      - |      0      0      -
2026-06-30T07:33:46.564Z In(05) vmx OvhdMem OvhdUser_SvgaSurfaceTable           :       6      6      - |      1      1      -
2026-06-30T07:33:46.564Z In(05) vmx OvhdMem OvhdUser_SvgaSDirtyCache            :      96     96      - |      0      0      -
2026-06-30T07:33:46.564Z In(05) vmx OvhdMem OvhdUser_SvgaCursor                 :      10     10      - |     10     10      -
2026-06-30T07:33:46.564Z In(05) vmx OvhdMem OvhdUser_SvgaPPNList                :     258    258      - |      0      0      -
2026-06-30T07:33:46.564Z In(05) vmx OvhdMem OvhdUser_VmxGlobals                 :   10240  10240      - |      0      0      -
2026-06-30T07:33:46.564Z In(05) vmx OvhdMem OvhdUser_VmxGlobalsLibs             :    3584   3584      - |      0      0      -
2026-06-30T07:33:46.564Z In(05) vmx OvhdMem OvhdUser_VmxHeap                    :    8704   8704      - |      0      0      -
2026-06-30T07:33:46.564Z In(05) vmx OvhdMem OvhdUser_VmxMks                     :      49     49      - |      1      1      -
2026-06-30T07:33:46.564Z In(05) vmx OvhdMem OvhdUser_VmxMksRenderOps            :     678    678      - |    492    492      -
2026-06-30T07:33:46.564Z In(05) vmx OvhdMem OvhdUser_VmxMks3d                   :   65537  65537      - |      0      0      -
2026-06-30T07:33:46.564Z In(05) vmx OvhdMem OvhdUser_VmxMksScreenTemp           :   69890  69890      - |      0      0      -
2026-06-30T07:33:46.564Z In(05) vmx OvhdMem OvhdUser_VmxMksVnc                  :   74936  74936      - |      0      0      -
2026-06-30T07:33:46.564Z In(05) vmx OvhdMem OvhdUser_VmxMksScreen               :  131075 131075      - |      0    769      -
2026-06-30T07:33:46.564Z In(05) vmx OvhdMem OvhdUser_VmxMksSVGAVO               :    4096   4096      - |      0      0      -
2026-06-30T07:33:46.564Z In(05) vmx OvhdMem OvhdUser_VmxMksSwbCursor            :    4096   4096      - |      0      0      -
2026-06-30T07:33:46.564Z In(05) vmx OvhdMem OvhdUser_VmxPhysMemErrPages         :      10     10      - |      0      0      -
2026-06-30T07:33:46.564Z In(05) vmx OvhdMem OvhdUser_VmxSLEntryBuf              :     128    128      - |      0      0      -
2026-06-30T07:33:46.564Z In(05) vmx OvhdMem OvhdUser_VmxThreads                 :   35840  35840      - |      0      0      -
2026-06-30T07:33:46.564Z In(05) vmx OvhdMem Total paged                         :  608922 608922      - |    504   1273      -
2026-06-30T07:33:46.564Z In(05) vmx OvhdMem Actual maximum                      :         608922        |        608922
2026-06-30T07:33:46.564Z In(05)+ vmx 
2026-06-30T07:33:46.564Z In(05) vmx                                                       reserved      |          used
2026-06-30T07:33:46.564Z In(05) vmx OvhdMem nonpaged                                  cur    max    avg |    cur    max    avg
2026-06-30T07:33:46.564Z In(05) vmx OvhdMem OvhdUser_SharedArea                 :       8      8      - |      0      0      -
2026-06-30T07:33:46.564Z In(05) vmx OvhdMem OvhdUser_BusMemTraceBitmap          :      22     22      - |      0      0      -
2026-06-30T07:33:46.564Z In(05) vmx OvhdMem OvhdUser_PFrame                     :       0   2304      - |      0      0      -
2026-06-30T07:33:46.564Z In(05) vmx OvhdMem OvhdUser_BusMemFrame                :     657   1760      - |      0      0      -
2026-06-30T07:33:46.564Z In(05) vmx OvhdMem OvhdUser_VIDE_KSEG                  :      16     16      - |      0      0      -
2026-06-30T07:33:46.564Z In(05) vmx OvhdMem OvhdUser_VGA                        :      64     64      - |      0      0      -
2026-06-30T07:33:46.564Z In(05) vmx OvhdMem OvhdUser_BalloonMPN                 :       1      1      - |      0      0      -
2026-06-30T07:33:46.564Z In(05) vmx OvhdMem OvhdUser_P2MUpdateBuffer            :       3      3      - |      0      0      -
2026-06-30T07:33:46.564Z In(05) vmx OvhdMem OvhdUser_ServicesMPN                :       3      3      - |      0      0      -
2026-06-30T07:33:46.564Z In(05) vmx OvhdMem OvhdUser_LocalApic                  :       2      2      - |      0      0      -
2026-06-30T07:33:46.564Z In(05) vmx OvhdMem OvhdUser_VBIOS                      :       8      8      - |      0      0      -
2026-06-30T07:33:46.564Z In(05) vmx OvhdMem OvhdUser_SBIOS                      :      16     16      - |      0      0      -
2026-06-30T07:33:46.564Z In(05) vmx OvhdMem OvhdUser_FlashRam                   :     512   4096      - |      0      0      -
2026-06-30T07:33:46.566Z In(05) vmx OvhdMem OvhdUser_SVGAFB                     :   32768  32768      - |      0      0      -
2026-06-30T07:33:46.566Z In(05) vmx OvhdMem OvhdUser_SVGAMEM                    :      64    512      - |      0      0      -
2026-06-30T07:33:46.566Z In(05) vmx OvhdMem OvhdUser_HDAudioReg                 :       3      3      - |      0      0      -
2026-06-30T07:33:46.566Z In(05) vmx OvhdMem OvhdUser_EHCIRegister               :       1      1      - |      0      0      -
2026-06-30T07:33:46.566Z In(05) vmx OvhdMem OvhdUser_XhciRegister               :       1      1      - |      0      0      -
2026-06-30T07:33:46.566Z In(05) vmx OvhdMem OvhdUser_HyperV                     :       2      2      - |      0      0      -
2026-06-30T07:33:46.566Z In(05) vmx OvhdMem OvhdUser_ExtCfg                     :       4      4      - |      0      0      -
2026-06-30T07:33:46.566Z In(05) vmx OvhdMem OvhdUser_vhvCachedVMCS              :       2      2      - |      0      0      -
2026-06-30T07:33:46.566Z In(05) vmx OvhdMem OvhdUser_vhvNestedAPIC              :       2      2      - |      0      0      -
2026-06-30T07:33:46.566Z In(05) vmx OvhdMem OvhdUser_LBR                        :       2      2      - |      0      0      -
2026-06-30T07:33:46.566Z In(05) vmx OvhdMem OvhdUser_MonWired                   :      53     53      - |      0      0      -
2026-06-30T07:33:46.566Z In(05) vmx OvhdMem OvhdUser_NVDC                       :       1      1      - |      0      0      -
2026-06-30T07:33:46.566Z In(05) vmx OvhdMem OvhdUser_PCIeMMIOArea               :      70     70      - |      0      0      -
2026-06-30T07:33:46.566Z In(05) vmx OvhdMem Total nonpaged                      :   34285  41724      - |      0      0      -
2026-06-30T07:33:46.566Z In(05) vmx OvhdMem Actual maximum                      :          34285        |         41724
2026-06-30T07:33:46.566Z In(05)+ vmx 
2026-06-30T07:33:46.566Z In(05) vmx                                                       reserved      |          used
2026-06-30T07:33:46.566Z In(05) vmx OvhdMem anonymous                                 cur    max    avg |    cur    max    avg
2026-06-30T07:33:46.566Z In(05) vmx OvhdMem OvhdMon_Alloc                       :     196    196      - |      0      0      -
2026-06-30T07:33:46.566Z In(05) vmx OvhdMem OvhdMon_BusMemFrame                 :     609    666      - |      0      0      -
2026-06-30T07:33:46.566Z In(05) vmx OvhdMem OvhdMon_BusMem2MInfo                :       8      8      - |      0      0      -
2026-06-30T07:33:46.566Z In(05) vmx OvhdMem OvhdMon_BusMem1GInfo                :       1      1      - |      0      0      -
2026-06-30T07:33:46.566Z In(05) vmx OvhdMem OvhdMon_BusMemZapListMPN            :       1      1      - |      0      0      -
2026-06-30T07:33:46.566Z In(05) vmx OvhdMem OvhdMon_BusMemPreval                :       8      8      - |      0      0      -
2026-06-30T07:33:46.566Z In(05) vmx OvhdMem OvhdMon_MonAS                       :       2      2      - |      0      0      -
2026-06-30T07:33:46.566Z In(05) vmx OvhdMem OvhdMon_GuestMem                    :      80     80      - |      0      0      -
2026-06-30T07:33:46.566Z In(05) vmx OvhdMem OvhdMon_TC                          :    1026   1026      - |      0      0      -
2026-06-30T07:33:46.566Z In(05) vmx OvhdMem OvhdMon_BusMemMonAS                 :       5      5      - |      0      0      -
2026-06-30T07:33:46.566Z In(05) vmx OvhdMem OvhdMon_PlatformMonAS               :       7      7      - |      0      0      -
2026-06-30T07:33:46.566Z In(05) vmx OvhdMem OvhdMon_HVNuma                      :       4      4      - |      0      0      -
2026-06-30T07:33:46.566Z In(05) vmx OvhdMem OvhdMon_HV                          :       6      6      - |      0      0      -
2026-06-30T07:33:46.566Z In(05) vmx OvhdMem OvhdMon_HVMSRBitmap                 :       2      2      - |      0      0      -
2026-06-30T07:33:46.566Z In(05) vmx OvhdMem OvhdMon_VHVGuestMSRBitmap           :       4      4      - |      0      0      -
2026-06-30T07:33:46.566Z In(05) vmx OvhdMem OvhdMon_VHV                         :       6      6      - |      0      0      -
2026-06-30T07:33:46.566Z In(05) vmx OvhdMem OvhdMon_SVMIDT                      :       2      2      - |      0      0      -
2026-06-30T07:33:46.566Z In(05) vmx OvhdMem OvhdMon_Numa                        :      30     30      - |      0      0      -
2026-06-30T07:33:46.566Z In(05) vmx OvhdMem OvhdMon_BaseWired                   :      58     58      - |      0      0      -
2026-06-30T07:33:46.566Z In(05) vmx OvhdMem OvhdMon_Bootstrap                   :    2300   2300      - |      0      0      -
2026-06-30T07:33:46.566Z In(05) vmx OvhdMem OvhdMon_GPhysHWMMU                  :    1344   1344      - |      0      0      -
2026-06-30T07:33:46.566Z In(05) vmx OvhdMem OvhdMon_GPhysNoTrace                :     266    266      - |      0      0      -
2026-06-30T07:33:46.566Z In(05) vmx OvhdMem OvhdMon_PhysMemGart                 :     104    104      - |      0      0      -
2026-06-30T07:33:46.566Z In(05) vmx OvhdMem OvhdMon_PhysMemErr                  :       7      7      - |      0      0      -
2026-06-30T07:33:46.566Z In(05) vmx OvhdMem OvhdMon_VProbe                      :       1      1      - |      0      0      -
2026-06-30T07:33:46.566Z In(05) vmx OvhdMem Total anonymous                     :    6077   6134      - |      0      0      -
2026-06-30T07:33:46.566Z In(05) vmx OvhdMem Actual maximum                      :           6077        |          6134
2026-06-30T07:33:46.566Z In(05)+ vmx 
2026-06-30T07:33:46.566Z In(05) vmx VMMEM: Maximum Reservation: 2565MB (MainMem=2048MB)
2026-06-30T07:33:46.568Z In(05) vmx MemSched: BALLOON HIST [0, 524288]: 0 0 0 0 0 0 0 0 0 0 0 0
2026-06-30T07:33:46.568Z In(05) vmx MemSched: BALLOON P50 1 P70 1 P90 1 MIN 524288 MAX 0
2026-06-30T07:33:46.568Z In(05) vmx MemSched: SWAP HIST [0, 524288]: 0 0 0 0 0 0 0 0 0 0 0 0
2026-06-30T07:33:46.568Z In(05) vmx MemSched: SWAP P50 1 P70 1 P90 1 MIN 524288 MAX 0
2026-06-30T07:33:46.568Z In(05) vmx MemSched: LOCK HIST [0, 524288]: 0 0 0 0 0 0 0 0 0 0 0 0
2026-06-30T07:33:46.568Z In(05) vmx MemSched: LOCK P50 1 P70 1 P90 1 MIN 524288 MAX 0
2026-06-30T07:33:46.568Z In(05) vmx MemSched: LOCK_TARGET HIST [0, 524288]: 0 0 0 0 0 0 0 0 0 0 0 0
2026-06-30T07:33:46.568Z In(05) vmx MemSched: LOCK_TARGET P50 1 P70 1 P90 1 MIN 524288 MAX 0
2026-06-30T07:33:46.568Z In(05) vmx MemSched: ACTIVE_PCT HIST [0, 100]: 0 0 0 0 0 0 0 0 0 0 0 0
2026-06-30T07:33:46.568Z In(05) vmx MemSched: ACTIVE_PCT P50 1 P70 1 P90 1 MIN 100 MAX 0
2026-06-30T07:33:46.568Z In(05) vmx MemSched: NUM_VMS HIST [0, 10]: 0 0 0 0 0 0 0 0 0 0 0 0
2026-06-30T07:33:46.568Z In(05) vmx MemSched: NUM_VMS P50 1 P70 1 P90 1 MIN 10 MAX 0
2026-06-30T07:33:46.568Z In(05) vmx MemSched: HOSTLOCK HIST [0, 7772672]: 0 0 0 0 0 0 0 0 0 0 0 0
2026-06-30T07:33:46.568Z In(05) vmx MemSched: HOSTLOCK P50 1 P70 1 P90 1 MIN 7772672 MAX 0
2026-06-30T07:33:46.568Z In(05) vmx TOOLS received request in VMX to set option 'enableDnD' -> '0'
2026-06-30T07:33:46.568Z In(05) vmx TOOLS received request in VMX to set option 'copypaste' -> '0'
2026-06-30T07:33:46.655Z In(05) vmx HgfsServerManagerVigorExit: Destroy:
2026-06-30T07:33:46.655Z In(05) vmx ToolsISO: open of C:\Program Files (x86)\VMware\VMware Workstation\isoimages_manifest.txt.sig failed: Could not find the file
2026-06-30T07:33:46.655Z In(05) vmx ToolsISO: Unable to read signature file 'C:\Program Files (x86)\VMware\VMware Workstation\isoimages_manifest.txt.sig', ignoring.
2026-06-30T07:33:46.657Z In(05) vmx ToolsISO: Guest 'other-64' not found in Tools image map file 'C:\Program Files (x86)\VMware\VMware Workstation\isoimages_manifest.txt'
2026-06-30T07:33:46.657Z In(05) vmx ToolsISO: Updated cached value for imageName to '(null)'.
2026-06-30T07:33:46.657Z In(05) vmx GuestOS: GuestOS_GetToolsImageName: Failed to get Tools ISO image path.
2026-06-30T07:33:46.657Z In(05) vmx TOOLS updated cached value for isoImageExists to 0.
2026-06-30T07:33:46.657Z In(05) vmx Tools: ToolsRunningStatus_Exit, delayedRequest is 0x230DFE7AFE0
2026-06-30T07:33:46.657Z In(05) vmx Tools: [AppStatus] Last heartbeat value 3 (last received 44s ago)
2026-06-30T07:33:46.657Z In(05) vmx TOOLS: appName=toolbox, oldStatus=0, status=0, guestInitiated=0.
2026-06-30T07:33:46.711Z In(05) vmx SOUNDLIB: Closing Wave sound backend.
2026-06-30T07:33:46.713Z In(05) mks MKSControlMgr: disconnected
2026-06-30T07:33:46.713Z In(05) mks GDI-Backend: stopped by HWinMux to do window composition.
2026-06-30T07:33:46.713Z In(05) mks MKSRenderMain: Stopping BasicOps
2026-06-30T07:33:46.713Z In(05) mks MKSRenderMain: Stopped BasicOps
2026-06-30T07:33:46.717Z In(05) mks MKS PowerOff
2026-06-30T07:33:46.717Z In(05) svga SVGA thread is exiting
2026-06-30T07:33:46.717Z In(05) mks MKS thread is exiting
2026-06-30T07:33:46.717Z Wa(03) vmx Guest: 
2026-06-30T07:33:46.717Z In(05) vmx ide0:0: numIOs = 10 numMergedIOs = 0 numSplitIOs = 0 ( 0.0%)
2026-06-30T07:33:46.717Z In(05) vmx Closing disk 'ide0:0'
2026-06-30T07:33:46.730Z In(05) vmx AIOWIN32C: asyncOps=16 syncOps=7 bufSize=0Kb fixedOps=0
2026-06-30T07:33:46.734Z In(05) aioCompletion AIO thread processed 16 completions
2026-06-30T07:33:46.742Z In(05) deviceThread Device thread is exiting
2026-06-30T07:33:46.745Z In(05) vmx Vix: [mainDispatch.c:1172]: VMAutomationPowerOff: Powering off.
2026-06-30T07:33:46.747Z In(05) vmx Win32U_GetFileAttributes: GetFileAttributesExW("D:\Downloads\Vyft_product\Slura\VyftUEFI.vmpl", ...) failed, error: 2
2026-06-30T07:33:46.747Z In(05) vmx Policy_SavePolicyFile: invalid arguments to function.
2026-06-30T07:33:46.747Z In(05) vmx PolicyVMX_Exit: Could not write out policies: 15.
2026-06-30T07:33:46.747Z In(05) vmx WORKER: asyncOps=1 maxActiveOps=1 maxPending=1 maxCompleted=0
2026-06-30T07:33:46.758Z In(05) PowerNotifyThread PowerNotify thread exiting.
2026-06-30T07:33:46.760Z In(05) vmx Vix: [mainDispatch.c:4213]: VMAutomation_ReportPowerOpFinished: statevar=1, newAppState=1873, success=1 additionalError=0
2026-06-30T07:33:46.760Z In(05) vmx Vix: [mainDispatch.c:4231]: VMAutomation: Ignoring ReportPowerOpFinished because the VMX is shutting down.
2026-06-30T07:33:46.760Z In(05) vmx STATSFILE: Amount of dynamic storage used: 656
2026-06-30T07:33:46.760Z In(05) vmx STATSFILE: Number of entries made: 65
2026-06-30T07:33:46.760Z No(00) vmx ConfigDB: Setting cleanShutdown = "TRUE"
2026-06-30T07:33:46.825Z In(05) vmx Vix: [mainDispatch.c:4213]: VMAutomation_ReportPowerOpFinished: statevar=0, newAppState=1870, success=1 additionalError=0
2026-06-30T07:33:46.825Z In(05) vmx Vix: [mainDispatch.c:4231]: VMAutomation: Ignoring ReportPowerOpFinished because the VMX is shutting down.
2026-06-30T07:33:46.825Z In(05) vmx Transitioned vmx/execState/val to poweredOff
2026-06-30T07:33:46.827Z In(05) vmx VMX idle exit
2026-06-30T07:33:46.827Z In(05) vmx WQPoolFreePoll : pollIx = 3, signalHandle = 936
2026-06-30T07:33:46.827Z In(05) vmx Vix: [mainDispatch.c:818]: VMAutomation_LateShutdown()
2026-06-30T07:33:46.827Z In(05) vmx Vix: [mainDispatch.c:773]: VMAutomationCloseListenerSocket. Closing listener socket.
2026-06-30T07:33:46.829Z In(05) vmx Flushing VMX VMDB connections
2026-06-30T07:33:46.829Z In(05) vmx VmdbDbRemoveCnx: Removing Cnx from Db for '/db/connection/#1/'
2026-06-30T07:33:46.829Z In(05) vmx VmdbCnxDisconnect: Disconnect: closed pipe for pub cnx '/db/connection/#1/' (0)
2026-06-30T07:33:46.829Z In(05) vmx VigorTransport_ServerDestroy: server destroyed.
2026-06-30T07:33:46.829Z In(05) vmx WQPoolFreePoll : pollIx = 2, signalHandle = 876
2026-06-30T07:33:46.829Z In(05) vmx WQPoolFreePoll : pollIx = 1, signalHandle = 868
2026-06-30T07:33:46.835Z In(05) vmx VMX exit (0).
2026-06-30T07:33:46.835Z In(05) vmx OBJLIB-LIB: ObjLib cleanup done.
2026-06-30T07:33:46.835Z In(05) vmx AIOMGR-S : stat o=3 r=28 w=23 i=0 br=374268 bw=6029312
